business_id,monthly_cash_flow_sar,business_age_months
BIZ-000001,29873.2,134
BIZ-000002,7785.48,74
BIZ-000003,46651.07,26
BIZ-000004,56419.19,104
BIZ-000005,3130.55,63
BIZ-000006,5989.84,133
BIZ-000007,25030.25,191
BIZ-000008,16054.71,133
BIZ-000009,21659.49,140
BIZ-000010,9385.83,11
BIZ-000011,53071.64,155
BIZ-000012,47944.14,106
BIZ-000013,23529.98,30
BIZ-000014,67998.52,52
BIZ-000015,35154.55,187
BIZ-000016,9327.36,220
BIZ-000017,31848.67,122
BIZ-000018,8443.21,234
BIZ-000019,53021.37,44
BIZ-000020,20953.77,72
BIZ-000021,18308.81,223
BIZ-000022,11148.61,42
BIZ-000023,74797.62,158
BIZ-000024,18872.68,53
BIZ-000025,14352.4,80
BIZ-000026,15488.71,115
BIZ-000027,37507.99,87
BIZ-000028,31743.53,210
BIZ-000029,33280.69,233
BIZ-000030,33888.16,120
BIZ-000031,187521.28,126
BIZ-000032,14670.37,14
BIZ-000033,13197.16,56
BIZ-000034,9761.75,10
BIZ-000035,40781.32,205
BIZ-000036,68116.33,55
BIZ-000037,19654.32,82
BIZ-000038,9507.57,202
BIZ-000039,9657.78,171
BIZ-000040,42217.61,149
BIZ-000041,46316.53,10
BIZ-000042,37916.98,135
BIZ-000043,11321.86,135
BIZ-000044,27782.49,77
BIZ-000045,24752.6,179
BIZ-000046,27410.7,223
BIZ-000047,52650.38,62
BIZ-000048,27545.53,80
BIZ-000049,43430.34,78
BIZ-000050,23566.44,200
BIZ-000051,29410.86,19
BIZ-000052,41410.44,215
BIZ-000053,5129.91,186
BIZ-000054,15999.76,116
BIZ-000055,13761.46,140
BIZ-000056,11627.43,214
BIZ-000057,16728.31,184
BIZ-000058,98217.66,67
BIZ-000059,9266.57,13
BIZ-000060,58004.64,158
BIZ-000061,4093.4,35
BIZ-000062,15758.18,22
BIZ-000063,25919.56,235
BIZ-000064,39585.66,114
BIZ-000065,44856.63,156
BIZ-000066,48695.76,52
BIZ-000067,15541.59,25
BIZ-000068,13872.28,16
BIZ-000069,51946.83,85
BIZ-000070,18191.24,1
BIZ-000071,6150.65,101
BIZ-000072,7091.93,78
BIZ-000073,8782.78,126
BIZ-000074,36212.54,141
BIZ-000075,25398.0,74
BIZ-000076,43935.83,109
BIZ-000077,14367.84,19
BIZ-000078,25810.58,73
BIZ-000079,41175.16,234
BIZ-000080,16165.8,237
BIZ-000081,34779.22,117
BIZ-000082,11362.5,225
BIZ-000083,15320.49,120
BIZ-000084,15036.89,31
BIZ-000085,6661.9,208
BIZ-000086,35845.47,100
BIZ-000087,13774.82,147
BIZ-000088,22303.39,156
BIZ-000089,35623.0,74
BIZ-000090,34424.75,176
BIZ-000091,42846.75,120
BIZ-000092,19960.58,88
BIZ-000093,14424.76,72
BIZ-000094,20338.72,179
BIZ-000095,4075.16,60
BIZ-000096,5181.7,30
BIZ-000097,5868.18,211
BIZ-000098,8125.42,80
BIZ-000099,32852.21,154
BIZ-000100,8906.36,172
BIZ-000101,15090.75,201
BIZ-000102,80759.29,150
BIZ-000103,15424.86,170
BIZ-000104,46051.5,201
BIZ-000105,8659.24,226
BIZ-000106,17935.95,12
BIZ-000107,8518.35,178
BIZ-000108,15692.95,42
BIZ-000109,51037.1,214
BIZ-000110,3915.43,12
BIZ-000111,34010.47,59
BIZ-000112,27937.79,46
BIZ-000113,12159.31,145
BIZ-000114,5187.16,2
BIZ-000115,23673.92,5
BIZ-000116,12971.47,121
BIZ-000117,27796.8,233
BIZ-000118,22513.09,127
BIZ-000119,109292.05,107
BIZ-000120,17337.8,158
BIZ-000121,7914.9,132
BIZ-000122,26351.37,92
BIZ-000123,27446.58,141
BIZ-000124,85749.68,1
BIZ-000125,50772.56,59
BIZ-000126,31472.55,162
BIZ-000127,95158.85,82
BIZ-000128,6709.21,13
BIZ-000129,11617.27,30
BIZ-000130,8720.43,208
BIZ-000131,14916.01,79
BIZ-000132,5559.78,6
BIZ-000133,41570.7,175
BIZ-000134,17637.41,127
BIZ-000135,5060.36,108
BIZ-000136,7977.82,214
BIZ-000137,30137.15,75
BIZ-000138,50925.88,137
BIZ-000139,162223.6,179
BIZ-000140,405900.15,146
BIZ-000141,33336.54,50
BIZ-000142,8188.3,163
BIZ-000143,2612.21,178
BIZ-000144,28787.93,30
BIZ-000145,9769.87,40
BIZ-000146,14539.77,162
BIZ-000147,11943.03,29
BIZ-000148,19133.75,211
BIZ-000149,63957.89,27
BIZ-000150,25772.12,233
BIZ-000151,18795.36,161
BIZ-000152,7819.27,106
BIZ-000153,4127.05,65
BIZ-000154,13543.91,83
BIZ-000155,20873.12,179
BIZ-000156,129046.74,181
BIZ-000157,25091.25,50
BIZ-000158,58849.55,130
BIZ-000159,13369.14,238
BIZ-000160,6734.89,62
BIZ-000161,8390.73,166
BIZ-000162,10665.55,42
BIZ-000163,185066.36,200
BIZ-000164,9687.71,41
BIZ-000165,50944.35,72
BIZ-000166,8929.12,110
BIZ-000167,55914.16,89
BIZ-000168,32368.82,41
BIZ-000169,18832.93,154
BIZ-000170,21146.66,5
BIZ-000171,11443.9,236
BIZ-000172,34408.96,13
BIZ-000173,13974.88,80
BIZ-000174,6466.53,223
BIZ-000175,6136.82,38
BIZ-000176,26175.73,18
BIZ-000177,106840.38,178
BIZ-000178,25848.08,18
BIZ-000179,19562.34,216
BIZ-000180,29314.17,108
BIZ-000181,81308.17,208
BIZ-000182,27429.72,59
BIZ-000183,14604.32,34
BIZ-000184,66588.6,231
BIZ-000185,33818.27,183
BIZ-000186,102309.31,218
BIZ-000187,26455.9,77
BIZ-000188,6473.88,97
BIZ-000189,5607.39,138
BIZ-000190,114797.84,108
BIZ-000191,123459.16,58
BIZ-000192,18406.9,90
BIZ-000193,15015.12,146
BIZ-000194,94982.15,10
BIZ-000195,7280.5,81
BIZ-000196,9002.64,70
BIZ-000197,41911.97,17
BIZ-000198,14844.65,30
BIZ-000199,21913.94,119
BIZ-000200,18705.2,25
BIZ-000201,30871.06,83
BIZ-000202,89992.52,135
BIZ-000203,24114.89,209
BIZ-000204,41937.63,24
BIZ-000205,2835.09,104
BIZ-000206,20979.09,25
BIZ-000207,9478.39,103
BIZ-000208,6510.6,115
BIZ-000209,9153.1,192
BIZ-000210,15770.19,106
BIZ-000211,55044.79,224
BIZ-000212,5846.55,33
BIZ-000213,22711.61,13
BIZ-000214,13572.9,2
BIZ-000215,15872.24,86
BIZ-000216,60039.49,47
BIZ-000217,37726.4,22
BIZ-000218,83901.44,57
BIZ-000219,18873.13,234
BIZ-000220,10982.49,192
BIZ-000221,17608.57,5
BIZ-000222,28071.13,219
BIZ-000223,26280.26,50
BIZ-000224,7447.34,98
BIZ-000225,24112.6,79
BIZ-000226,27673.44,97
BIZ-000227,273067.43,182
BIZ-000228,143895.79,171
BIZ-000229,9383.96,142
BIZ-000230,16524.78,150
BIZ-000231,5097.77,174
BIZ-000232,12201.24,45
BIZ-000233,30200.24,95
BIZ-000234,73559.78,26
BIZ-000235,10624.48,169
BIZ-000236,11451.24,105
BIZ-000237,2572.7,153
BIZ-000238,18719.74,135
BIZ-000239,7612.79,66
BIZ-000240,12972.16,34
BIZ-000241,9164.93,233
BIZ-000242,20045.05,71
BIZ-000243,3798.16,27
BIZ-000244,5079.43,74
BIZ-000245,185210.28,216
BIZ-000246,6078.89,63
BIZ-000247,7355.58,236
BIZ-000248,138263.08,111
BIZ-000249,402345.79,206
BIZ-000250,6825.59,157
BIZ-000251,15241.1,11
BIZ-000252,30994.21,122
BIZ-000253,124081.97,100
BIZ-000254,8210.29,49
BIZ-000255,17235.43,132
BIZ-000256,47922.36,25
BIZ-000257,34022.12,167
BIZ-000258,15121.06,197
BIZ-000259,19267.54,23
BIZ-000260,5569.74,115
BIZ-000261,17358.3,157
BIZ-000262,16875.4,15
BIZ-000263,27782.73,94
BIZ-000264,12640.65,62
BIZ-000265,35296.48,10
BIZ-000266,60640.35,193
BIZ-000267,25730.42,107
BIZ-000268,31311.99,180
BIZ-000269,23228.97,141
BIZ-000270,22028.32,210
BIZ-000271,10704.74,239
BIZ-000272,30227.1,144
BIZ-000273,19984.52,85
BIZ-000274,178647.22,102
BIZ-000275,106229.26,198
BIZ-000276,32397.82,102
BIZ-000277,10269.59,125
BIZ-000278,7241.54,47
BIZ-000279,72485.58,237
BIZ-000280,28645.43,156
BIZ-000281,35601.51,79
BIZ-000282,3848.4,140
BIZ-000283,55683.46,96
BIZ-000284,34697.41,38
BIZ-000285,7255.89,210
BIZ-000286,13745.62,212
BIZ-000287,28673.17,200
BIZ-000288,23212.98,89
BIZ-000289,16445.86,62
BIZ-000290,19860.97,12
BIZ-000291,17120.34,175
BIZ-000292,25656.76,79
BIZ-000293,95941.31,214
BIZ-000294,1691.45,208
BIZ-000295,17381.29,31
BIZ-000296,26278.66,220
BIZ-000297,29613.75,34
BIZ-000298,15185.33,118
BIZ-000299,3801.98,114
BIZ-000300,30576.76,229
BIZ-000301,123914.89,158
BIZ-000302,4751.13,210
BIZ-000303,52251.72,143
BIZ-000304,15858.72,198
BIZ-000305,20716.29,204
BIZ-000306,7685.58,206
BIZ-000307,15764.94,99
BIZ-000308,80825.24,92
BIZ-000309,39444.71,236
BIZ-000310,124531.2,181
BIZ-000311,71497.08,220
BIZ-000312,34169.43,138
BIZ-000313,125987.07,223
BIZ-000314,34166.24,173
BIZ-000315,50412.18,178
BIZ-000316,16373.66,43
BIZ-000317,23542.11,136
BIZ-000318,10966.23,175
BIZ-000319,59253.73,182
BIZ-000320,6779.76,229
BIZ-000321,48163.19,79
BIZ-000322,18203.13,73
BIZ-000323,71057.67,232
BIZ-000324,46670.57,236
BIZ-000325,136032.1,43
BIZ-000326,45742.11,91
BIZ-000327,4573.16,227
BIZ-000328,20600.01,48
BIZ-000329,6822.58,188
BIZ-000330,13117.73,27
BIZ-000331,99830.44,43
BIZ-000332,41669.88,188
BIZ-000333,10949.72,146
BIZ-000334,7992.69,133
BIZ-000335,22760.51,205
BIZ-000336,6525.28,74
BIZ-000337,11258.29,121
BIZ-000338,30091.84,146
BIZ-000339,69934.34,177
BIZ-000340,40488.02,80
BIZ-000341,2227.67,152
BIZ-000342,29862.74,108
BIZ-000343,23671.65,130
BIZ-000344,33319.24,207
BIZ-000345,110880.65,95
BIZ-000346,2798.28,160
BIZ-000347,12196.41,226
BIZ-000348,39771.52,183
BIZ-000349,4529.68,237
BIZ-000350,96369.89,140
BIZ-000351,31836.11,68
BIZ-000352,51358.41,237
BIZ-000353,12444.78,155
BIZ-000354,49700.17,58
BIZ-000355,64117.43,76
BIZ-000356,27802.41,63
BIZ-000357,27844.78,200
BIZ-000358,28863.79,23
BIZ-000359,9289.64,177
BIZ-000360,19005.26,133
BIZ-000361,18910.59,18
BIZ-000362,32318.46,147
BIZ-000363,59863.62,181
BIZ-000364,7642.38,174
BIZ-000365,19438.11,127
BIZ-000366,96902.01,81
BIZ-000367,10471.49,40
BIZ-000368,9679.35,3
BIZ-000369,26965.3,86
BIZ-000370,51245.61,152
BIZ-000371,22279.58,9
BIZ-000372,83196.5,239
BIZ-000373,51885.47,141
BIZ-000374,51114.32,71
BIZ-000375,38334.92,230
BIZ-000376,225856.04,44
BIZ-000377,17940.9,229
BIZ-000378,2970.48,68
BIZ-000379,109562.93,91
BIZ-000380,13936.97,102
BIZ-000381,24535.6,238
BIZ-000382,81597.24,60
BIZ-000383,4437.03,233
BIZ-000384,6300.3,83
BIZ-000385,4441.39,69
BIZ-000386,9955.33,153
BIZ-000387,34188.23,166
BIZ-000388,37204.61,83
BIZ-000389,29035.49,33
BIZ-000390,5362.76,95
BIZ-000391,2186.15,130
BIZ-000392,23256.82,10
BIZ-000393,13742.16,19
BIZ-000394,34870.13,220
BIZ-000395,44442.59,9
BIZ-000396,25291.95,98
BIZ-000397,47104.94,183
BIZ-000398,27700.66,79
BIZ-000399,37423.9,119
BIZ-000400,10887.02,21
BIZ-000401,18405.2,190
BIZ-000402,26816.59,152
BIZ-000403,50037.52,204
BIZ-000404,14857.48,207
BIZ-000405,37092.4,84
BIZ-000406,16884.67,10
BIZ-000407,19583.8,83
BIZ-000408,50489.42,35
BIZ-000409,3001.72,128
BIZ-000410,6024.13,35
BIZ-000411,5003.11,221
BIZ-000412,2135.35,144
BIZ-000413,11178.37,61
BIZ-000414,46603.64,221
BIZ-000415,16566.14,184
BIZ-000416,26843.8,105
BIZ-000417,65461.5,36
BIZ-000418,83090.54,83
BIZ-000419,20555.05,140
BIZ-000420,85270.68,184
BIZ-000421,24152.1,63
BIZ-000422,9533.83,178
BIZ-000423,12156.26,68
BIZ-000424,5011.36,59
BIZ-000425,9062.19,107
BIZ-000426,15397.85,39
BIZ-000427,49196.86,97
BIZ-000428,123102.16,86
BIZ-000429,5529.31,67
BIZ-000430,32624.78,186
BIZ-000431,7781.12,80
BIZ-000432,35408.14,167
BIZ-000433,19320.33,173
BIZ-000434,3530.14,160
BIZ-000435,55731.29,65
BIZ-000436,12028.08,199
BIZ-000437,12914.42,57
BIZ-000438,7557.14,67
BIZ-000439,11449.68,210
BIZ-000440,33789.0,82
BIZ-000441,18228.76,167
BIZ-000442,30597.15,11
BIZ-000443,31631.91,147
BIZ-000444,82508.92,208
BIZ-000445,15634.16,170
BIZ-000446,5029.83,140
BIZ-000447,64037.39,203
BIZ-000448,15811.8,72
BIZ-000449,67143.84,91
BIZ-000450,32317.92,17
BIZ-000451,19319.35,167
BIZ-000452,31218.8,173
BIZ-000453,154973.99,180
BIZ-000454,175778.6,179
BIZ-000455,23608.95,31
BIZ-000456,25853.22,160
BIZ-000457,64617.47,183
BIZ-000458,9455.38,49
BIZ-000459,30732.33,114
BIZ-000460,21464.1,219
BIZ-000461,30149.04,100
BIZ-000462,9572.32,181
BIZ-000463,4493.7,127
BIZ-000464,2771.15,158
BIZ-000465,7205.62,150
BIZ-000466,13923.38,156
BIZ-000467,16429.08,187
BIZ-000468,152852.88,217
BIZ-000469,66568.94,71
BIZ-000470,8416.16,222
BIZ-000471,31185.5,151
BIZ-000472,14660.64,143
BIZ-000473,16574.76,79
BIZ-000474,26511.28,100
BIZ-000475,40911.69,156
BIZ-000476,15689.41,87
BIZ-000477,63821.89,69
BIZ-000478,7030.84,196
BIZ-000479,22166.54,100
BIZ-000480,295869.49,155
BIZ-000481,27531.33,8
BIZ-000482,92338.32,19
BIZ-000483,24137.46,203
BIZ-000484,39370.7,34
BIZ-000485,20810.58,191
BIZ-000486,18575.38,216
BIZ-000487,10102.29,116
BIZ-000488,33870.56,212
BIZ-000489,9399.98,103
BIZ-000490,42855.33,228
BIZ-000491,65204.71,57
BIZ-000492,31778.06,103
BIZ-000493,16543.54,93
BIZ-000494,34681.64,188
BIZ-000495,16176.7,11
BIZ-000496,56136.82,198
BIZ-000497,3528.38,6
BIZ-000498,15746.8,76
BIZ-000499,3008.47,143
BIZ-000500,4939.1,35
BIZ-000501,86151.46,118
BIZ-000502,53916.13,239
BIZ-000503,10727.01,197
BIZ-000504,4902.48,8
BIZ-000505,1136.23,142
BIZ-000506,12791.09,143
BIZ-000507,247809.36,17
BIZ-000508,34026.14,156
BIZ-000509,12587.1,125
BIZ-000510,35069.26,163
BIZ-000511,4624.12,72
BIZ-000512,16361.34,62
BIZ-000513,24330.29,176
BIZ-000514,20209.32,173
BIZ-000515,48572.18,39
BIZ-000516,31090.12,52
BIZ-000517,42972.95,141
BIZ-000518,11065.95,199
BIZ-000519,54058.14,49
BIZ-000520,112300.88,53
BIZ-000521,8348.61,194
BIZ-000522,9066.16,167
BIZ-000523,83766.16,216
BIZ-000524,18190.52,188
BIZ-000525,89663.71,228
BIZ-000526,14149.92,46
BIZ-000527,94376.33,65
BIZ-000528,25121.66,57
BIZ-000529,28516.23,14
BIZ-000530,105315.72,187
BIZ-000531,15340.16,159
BIZ-000532,8594.5,21
BIZ-000533,14064.87,48
BIZ-000534,34625.09,46
BIZ-000535,4601.98,97
BIZ-000536,41667.26,109
BIZ-000537,12851.67,70
BIZ-000538,69411.83,223
BIZ-000539,2009.7,51
BIZ-000540,10030.99,135
BIZ-000541,4078.69,105
BIZ-000542,9640.91,93
BIZ-000543,28216.6,198
BIZ-000544,18412.28,234
BIZ-000545,17096.39,2
BIZ-000546,18785.02,111
BIZ-000547,26994.5,29
BIZ-000548,8034.21,104
BIZ-000549,44660.72,148
BIZ-000550,42730.4,99
BIZ-000551,32371.64,74
BIZ-000552,38427.69,75
BIZ-000553,29626.31,72
BIZ-000554,168564.43,78
BIZ-000555,20189.26,90
BIZ-000556,16202.43,165
BIZ-000557,10367.93,23
BIZ-000558,7845.83,10
BIZ-000559,6345.67,124
BIZ-000560,9056.18,163
BIZ-000561,20523.37,62
BIZ-000562,30769.99,49
BIZ-000563,23182.25,150
BIZ-000564,10244.18,92
BIZ-000565,54186.36,176
BIZ-000566,46138.95,36
BIZ-000567,18776.32,29
BIZ-000568,11465.34,133
BIZ-000569,38117.47,94
BIZ-000570,26581.58,175
BIZ-000571,5176.44,121
BIZ-000572,20578.86,85
BIZ-000573,28625.0,39
BIZ-000574,8958.03,40
BIZ-000575,26631.32,181
BIZ-000576,5141.9,55
BIZ-000577,83799.82,121
BIZ-000578,76722.48,196
BIZ-000579,17111.1,215
BIZ-000580,31680.43,64
BIZ-000581,1978.47,27
BIZ-000582,6930.26,186
BIZ-000583,16419.44,165
BIZ-000584,7539.17,80
BIZ-000585,44999.04,142
BIZ-000586,162315.38,46
BIZ-000587,6791.22,168
BIZ-000588,9533.21,174
BIZ-000589,27873.96,72
BIZ-000590,110317.31,112
BIZ-000591,6487.46,80
BIZ-000592,28255.29,8
BIZ-000593,136120.92,31
BIZ-000594,4222.75,230
BIZ-000595,6117.63,109
BIZ-000596,14420.32,36
BIZ-000597,13087.48,11
BIZ-000598,49642.43,85
BIZ-000599,28047.64,235
BIZ-000600,3733.26,92
BIZ-000601,36879.47,239
BIZ-000602,12362.97,117
BIZ-000603,78782.58,183
BIZ-000604,11759.45,188
BIZ-000605,11653.77,7
BIZ-000606,37840.36,2
BIZ-000607,47236.7,221
BIZ-000608,34478.78,223
BIZ-000609,4082.25,32
BIZ-000610,37723.35,155
BIZ-000611,7829.8,221
BIZ-000612,27869.16,228
BIZ-000613,5304.26,71
BIZ-000614,34417.56,196
BIZ-000615,9832.03,155
BIZ-000616,6108.07,222
BIZ-000617,44973.11,36
BIZ-000618,28047.21,144
BIZ-000619,11920.6,6
BIZ-000620,94012.11,86
BIZ-000621,14176.59,3
BIZ-000622,22745.16,106
BIZ-000623,28822.55,194
BIZ-000624,11852.97,158
BIZ-000625,35282.29,76
BIZ-000626,12920.21,103
BIZ-000627,14593.94,88
BIZ-000628,86046.46,175
BIZ-000629,7780.8,64
BIZ-000630,1972.82,22
BIZ-000631,110297.55,122
BIZ-000632,281905.72,199
BIZ-000633,14687.19,115
BIZ-000634,3175.31,49
BIZ-000635,16147.43,12
BIZ-000636,16543.97,226
BIZ-000637,18216.37,182
BIZ-000638,7234.47,38
BIZ-000639,39322.85,18
BIZ-000640,37216.5,31
BIZ-000641,4942.34,90
BIZ-000642,44320.24,195
BIZ-000643,171559.42,39
BIZ-000644,26159.31,196
BIZ-000645,15719.78,1
BIZ-000646,19110.57,177
BIZ-000647,40751.86,68
BIZ-000648,3902.33,230
BIZ-000649,25962.04,114
BIZ-000650,14906.25,65
BIZ-000651,139780.0,59
BIZ-000652,18505.57,198
BIZ-000653,116761.38,97
BIZ-000654,7304.6,85
BIZ-000655,39626.73,176
BIZ-000656,30315.07,129
BIZ-000657,9236.82,159
BIZ-000658,26301.89,107
BIZ-000659,74051.7,16
BIZ-000660,15933.97,2
BIZ-000661,4056.34,10
BIZ-000662,21643.0,138
BIZ-000663,8933.62,123
BIZ-000664,15641.13,179
BIZ-000665,20300.73,214
BIZ-000666,4001.19,42
BIZ-000667,4377.98,229
BIZ-000668,35670.06,223
BIZ-000669,13059.63,148
BIZ-000670,1694.69,127
BIZ-000671,48283.45,43
BIZ-000672,28922.34,43
BIZ-000673,10787.3,5
BIZ-000674,5902.73,155
BIZ-000675,50807.94,104
BIZ-000676,31236.75,46
BIZ-000677,238613.96,32
BIZ-000678,33529.76,16
BIZ-000679,32458.03,154
BIZ-000680,18640.13,164
BIZ-000681,49850.1,151
BIZ-000682,41154.36,27
BIZ-000683,77012.65,10
BIZ-000684,13077.87,26
BIZ-000685,14251.14,180
BIZ-000686,13641.84,177
BIZ-000687,48571.96,71
BIZ-000688,98555.43,14
BIZ-000689,13921.08,77
BIZ-000690,14403.5,194
BIZ-000691,30154.13,35
BIZ-000692,17227.09,191
BIZ-000693,57071.13,111
BIZ-000694,2317.45,34
BIZ-000695,9636.32,224
BIZ-000696,10072.7,124
BIZ-000697,2163.85,161
BIZ-000698,8403.15,24
BIZ-000699,8820.59,89
BIZ-000700,18013.83,152
BIZ-000701,67034.71,155
BIZ-000702,17239.17,16
BIZ-000703,7857.21,145
BIZ-000704,20807.01,226
BIZ-000705,62891.96,188
BIZ-000706,8300.25,50
BIZ-000707,8861.09,219
BIZ-000708,38505.21,164
BIZ-000709,17649.52,14
BIZ-000710,42086.6,31
BIZ-000711,21727.92,221
BIZ-000712,44429.71,51
BIZ-000713,7823.77,24
BIZ-000714,21761.89,108
BIZ-000715,17841.99,126
BIZ-000716,6529.65,137
BIZ-000717,4612.49,158
BIZ-000718,43728.22,239
BIZ-000719,15507.01,182
BIZ-000720,7924.54,7
BIZ-000721,20006.67,22
BIZ-000722,68051.42,1
BIZ-000723,2251.3,95
BIZ-000724,4931.32,84
BIZ-000725,8752.67,224
BIZ-000726,94956.95,88
BIZ-000727,29219.37,8
BIZ-000728,47444.56,212
BIZ-000729,7043.35,63
BIZ-000730,7190.13,219
BIZ-000731,34468.93,186
BIZ-000732,23348.18,211
BIZ-000733,38129.32,196
BIZ-000734,18257.46,35
BIZ-000735,29089.82,150
BIZ-000736,25799.72,99
BIZ-000737,47942.97,151
BIZ-000738,49365.56,179
BIZ-000739,4359.57,120
BIZ-000740,2327.92,75
BIZ-000741,59978.74,220
BIZ-000742,72238.26,159
BIZ-000743,7937.69,212
BIZ-000744,3429.48,57
BIZ-000745,24319.53,201
BIZ-000746,55873.09,78
BIZ-000747,132932.2,111
BIZ-000748,36912.21,206
BIZ-000749,15188.34,85
BIZ-000750,9017.02,60
BIZ-000751,22280.15,219
BIZ-000752,16329.61,231
BIZ-000753,7981.9,75
BIZ-000754,170886.63,74
BIZ-000755,131290.59,55
BIZ-000756,68600.06,6
BIZ-000757,8770.5,133
BIZ-000758,51793.47,61
BIZ-000759,41757.17,203
BIZ-000760,34287.83,41
BIZ-000761,76854.19,152
BIZ-000762,41579.86,122
BIZ-000763,46166.71,147
BIZ-000764,41643.74,27
BIZ-000765,30970.53,112
BIZ-000766,3701.11,150
BIZ-000767,23947.54,82
BIZ-000768,12629.72,210
BIZ-000769,6125.15,127
BIZ-000770,118399.13,87
BIZ-000771,124118.91,8
BIZ-000772,85752.51,41
BIZ-000773,28430.38,114
BIZ-000774,85018.58,96
BIZ-000775,22293.56,209
BIZ-000776,26978.55,188
BIZ-000777,7380.0,38
BIZ-000778,32760.91,142
BIZ-000779,23397.53,109
BIZ-000780,5987.01,25
BIZ-000781,20927.16,160
BIZ-000782,20338.49,129
BIZ-000783,132927.77,21
BIZ-000784,53863.77,112
BIZ-000785,22280.02,175
BIZ-000786,28248.26,79
BIZ-000787,23022.16,86
BIZ-000788,17981.27,27
BIZ-000789,7461.96,49
BIZ-000790,18938.42,235
BIZ-000791,10445.24,149
BIZ-000792,6308.7,43
BIZ-000793,36725.32,116
BIZ-000794,32573.84,47
BIZ-000795,3689.67,106
BIZ-000796,19483.35,35
BIZ-000797,59617.32,148
BIZ-000798,63527.22,137
BIZ-000799,61441.26,152
BIZ-000800,22900.48,107
BIZ-000801,9461.2,69
BIZ-000802,7452.47,60
BIZ-000803,31088.86,52
BIZ-000804,32185.78,103
BIZ-000805,79804.18,108
BIZ-000806,66169.81,161
BIZ-000807,19298.28,13
BIZ-000808,6347.36,68
BIZ-000809,16008.79,204
BIZ-000810,27370.78,219
BIZ-000811,17996.22,223
BIZ-000812,12358.58,74
BIZ-000813,28364.25,33
BIZ-000814,13306.96,48
BIZ-000815,11753.82,32
BIZ-000816,30075.1,229
BIZ-000817,14735.39,212
BIZ-000818,28116.29,194
BIZ-000819,28946.48,175
BIZ-000820,7048.51,83
BIZ-000821,13612.71,114
BIZ-000822,92760.57,202
BIZ-000823,6890.65,195
BIZ-000824,2652.73,124
BIZ-000825,3422.6,201
BIZ-000826,22677.08,83
BIZ-000827,22718.1,99
BIZ-000828,19582.45,201
BIZ-000829,74175.55,90
BIZ-000830,1521.06,180
BIZ-000831,32726.29,109
BIZ-000832,104970.87,72
BIZ-000833,7131.09,53
BIZ-000834,15065.96,145
BIZ-000835,10374.52,115
BIZ-000836,9006.07,89
BIZ-000837,15894.65,178
BIZ-000838,91810.81,1
BIZ-000839,138328.51,23
BIZ-000840,15741.58,230
BIZ-000841,148013.71,159
BIZ-000842,22824.2,132
BIZ-000843,127222.27,4
BIZ-000844,20064.38,144
BIZ-000845,25110.91,104
BIZ-000846,31744.49,144
BIZ-000847,529058.18,10
BIZ-000848,51600.44,132
BIZ-000849,10858.85,139
BIZ-000850,58046.39,70
BIZ-000851,15339.21,14
BIZ-000852,13497.37,233
BIZ-000853,54644.36,170
BIZ-000854,22721.92,149
BIZ-000855,29102.4,184
BIZ-000856,22336.67,161
BIZ-000857,30840.47,33
BIZ-000858,33690.32,109
BIZ-000859,3174.91,213
BIZ-000860,42897.66,69
BIZ-000861,8250.1,233
BIZ-000862,5206.7,16
BIZ-000863,20776.73,80
BIZ-000864,23956.17,84
BIZ-000865,11009.28,148
BIZ-000866,50565.86,43
BIZ-000867,5755.0,55
BIZ-000868,14662.61,159
BIZ-000869,12272.62,69
BIZ-000870,21023.85,211
BIZ-000871,29110.79,208
BIZ-000872,8039.38,73
BIZ-000873,45446.12,134
BIZ-000874,23458.83,80
BIZ-000875,3321.11,83
BIZ-000876,3106.99,161
BIZ-000877,21756.78,71
BIZ-000878,17659.56,36
BIZ-000879,19862.32,62
BIZ-000880,21418.65,223
BIZ-000881,27599.69,62
BIZ-000882,56820.34,87
BIZ-000883,7251.0,151
BIZ-000884,6822.82,25
BIZ-000885,7381.09,65
BIZ-000886,29404.9,42
BIZ-000887,76492.45,221
BIZ-000888,14309.24,223
BIZ-000889,1804.97,181
BIZ-000890,4007.84,60
BIZ-000891,9575.5,148
BIZ-000892,12610.32,159
BIZ-000893,14641.44,208
BIZ-000894,22892.88,38
BIZ-000895,16127.06,176
BIZ-000896,62902.4,47
BIZ-000897,11203.51,136
BIZ-000898,9299.18,211
BIZ-000899,35556.4,15
BIZ-000900,4742.68,36
BIZ-000901,32522.64,195
BIZ-000902,24405.24,5
BIZ-000903,19006.9,164
BIZ-000904,107826.22,120
BIZ-000905,11822.89,83
BIZ-000906,172870.52,207
BIZ-000907,17580.9,203
BIZ-000908,6142.48,78
BIZ-000909,23621.67,2
BIZ-000910,7508.23,31
BIZ-000911,10386.31,26
BIZ-000912,32762.29,235
BIZ-000913,38391.14,143
BIZ-000914,11823.36,162
BIZ-000915,59124.76,56
BIZ-000916,70088.06,204
BIZ-000917,92623.83,173
BIZ-000918,37399.53,180
BIZ-000919,86114.12,112
BIZ-000920,3358.34,167
BIZ-000921,16028.02,131
BIZ-000922,9255.7,92
BIZ-000923,24815.55,143
BIZ-000924,12438.49,78
BIZ-000925,18654.49,228
BIZ-000926,144664.84,172
BIZ-000927,18588.16,177
BIZ-000928,33315.98,172
BIZ-000929,17461.1,108
BIZ-000930,23758.92,228
BIZ-000931,22159.39,50
BIZ-000932,34486.53,136
BIZ-000933,70636.87,17
BIZ-000934,114392.87,71
BIZ-000935,30020.03,138
BIZ-000936,39717.49,117
BIZ-000937,6968.36,225
BIZ-000938,20173.46,147
BIZ-000939,56403.67,99
BIZ-000940,52363.69,102
BIZ-000941,27217.34,147
BIZ-000942,53444.23,190
BIZ-000943,35981.73,67
BIZ-000944,73152.84,140
BIZ-000945,29417.92,138
BIZ-000946,15433.59,3
BIZ-000947,30817.6,219
BIZ-000948,1175.45,137
BIZ-000949,32302.04,58
BIZ-000950,573.4,152
BIZ-000951,3930.56,162
BIZ-000952,34605.52,219
BIZ-000953,35508.57,9
BIZ-000954,6888.24,99
BIZ-000955,10806.44,44
BIZ-000956,86728.77,138
BIZ-000957,13574.79,120
BIZ-000958,207506.99,114
BIZ-000959,21984.22,235
BIZ-000960,33124.76,128
BIZ-000961,110954.38,99
BIZ-000962,25110.14,17
BIZ-000963,8084.11,70
BIZ-000964,19737.44,215
BIZ-000965,21255.89,108
BIZ-000966,5626.59,218
BIZ-000967,17054.48,128
BIZ-000968,10486.12,131
BIZ-000969,55512.18,103
BIZ-000970,22802.19,134
BIZ-000971,16600.77,16
BIZ-000972,19807.54,14
BIZ-000973,27532.49,114
BIZ-000974,40815.38,143
BIZ-000975,8105.42,132
BIZ-000976,7773.01,103
BIZ-000977,66481.51,71
BIZ-000978,14583.75,170
BIZ-000979,5340.95,145
BIZ-000980,34331.3,12
BIZ-000981,35009.33,109
BIZ-000982,4766.11,170
BIZ-000983,27708.15,188
BIZ-000984,45962.59,69
BIZ-000985,32028.66,222
BIZ-000986,41439.15,156
BIZ-000987,5408.52,105
BIZ-000988,30670.0,150
BIZ-000989,16274.91,209
BIZ-000990,13591.64,55
BIZ-000991,52604.43,36
BIZ-000992,96690.89,106
BIZ-000993,132504.26,21
BIZ-000994,82027.34,200
BIZ-000995,19737.31,232
BIZ-000996,31342.18,145
BIZ-000997,47421.11,235
BIZ-000998,24864.04,17
BIZ-000999,25103.54,152
BIZ-001000,50199.14,106
BIZ-001001,20758.63,67
BIZ-001002,10622.32,75
BIZ-001003,14552.63,131
BIZ-001004,41519.16,154
BIZ-001005,22092.5,40
BIZ-001006,30952.53,147
BIZ-001007,43048.35,222
BIZ-001008,15140.95,3
BIZ-001009,46922.29,210
BIZ-001010,32171.7,146
BIZ-001011,6407.26,82
BIZ-001012,93181.53,176
BIZ-001013,13349.78,148
BIZ-001014,4208.68,184
BIZ-001015,7746.19,20
BIZ-001016,7934.34,15
BIZ-001017,23206.17,154
BIZ-001018,16749.93,73
BIZ-001019,15727.53,57
BIZ-001020,40933.41,101
BIZ-001021,30942.17,174
BIZ-001022,30213.61,43
BIZ-001023,33184.18,233
BIZ-001024,40787.65,101
BIZ-001025,2675.92,36
BIZ-001026,15299.29,17
BIZ-001027,2489.38,205
BIZ-001028,22835.23,28
BIZ-001029,21924.65,101
BIZ-001030,62663.37,160
BIZ-001031,72231.71,123
BIZ-001032,26977.95,63
BIZ-001033,13354.9,26
BIZ-001034,35780.6,171
BIZ-001035,12991.91,118
BIZ-001036,21995.81,12
BIZ-001037,59049.79,44
BIZ-001038,12609.79,135
BIZ-001039,49299.96,41
BIZ-001040,43364.71,94
BIZ-001041,8477.82,30
BIZ-001042,58331.3,191
BIZ-001043,44292.31,151
BIZ-001044,24389.94,188
BIZ-001045,10277.13,13
BIZ-001046,9328.17,90
BIZ-001047,12865.92,64
BIZ-001048,37895.76,149
BIZ-001049,8470.75,197
BIZ-001050,34115.68,55
BIZ-001051,6362.93,184
BIZ-001052,17960.52,139
BIZ-001053,24579.0,197
BIZ-001054,254010.31,20
BIZ-001055,5556.28,237
BIZ-001056,95991.47,104
BIZ-001057,25587.07,67
BIZ-001058,33228.79,44
BIZ-001059,24793.78,236
BIZ-001060,34362.7,212
BIZ-001061,18888.62,32
BIZ-001062,94282.43,107
BIZ-001063,13954.1,176
BIZ-001064,68338.91,142
BIZ-001065,11563.78,46
BIZ-001066,20738.52,87
BIZ-001067,7540.45,88
BIZ-001068,34718.35,70
BIZ-001069,93444.78,230
BIZ-001070,20386.82,49
BIZ-001071,18089.99,169
BIZ-001072,7225.58,218
BIZ-001073,17513.15,190
BIZ-001074,4479.23,192
BIZ-001075,8840.71,38
BIZ-001076,27633.55,32
BIZ-001077,82373.02,188
BIZ-001078,365569.2,179
BIZ-001079,12251.64,178
BIZ-001080,92531.11,101
BIZ-001081,28106.4,126
BIZ-001082,18934.72,4
BIZ-001083,33948.31,70
BIZ-001084,23433.37,127
BIZ-001085,24597.39,31
BIZ-001086,14642.26,32
BIZ-001087,5441.94,11
BIZ-001088,4704.97,51
BIZ-001089,42329.73,238
BIZ-001090,16702.27,167
BIZ-001091,12135.75,227
BIZ-001092,22214.61,62
BIZ-001093,48773.0,144
BIZ-001094,26380.07,214
BIZ-001095,11429.41,85
BIZ-001096,75078.76,158
BIZ-001097,106850.45,166
BIZ-001098,36118.36,199
BIZ-001099,58317.85,232
BIZ-001100,76264.28,148
BIZ-001101,68193.14,140
BIZ-001102,40704.71,208
BIZ-001103,40068.55,164
BIZ-001104,37036.55,87
BIZ-001105,7351.52,151
BIZ-001106,44387.94,132
BIZ-001107,5677.04,55
BIZ-001108,9950.72,124
BIZ-001109,81110.29,150
BIZ-001110,51032.61,217
BIZ-001111,97479.59,139
BIZ-001112,16786.42,40
BIZ-001113,6958.72,237
BIZ-001114,17319.06,139
BIZ-001115,24392.51,69
BIZ-001116,23836.87,181
BIZ-001117,68437.79,92
BIZ-001118,15347.83,89
BIZ-001119,31320.7,201
BIZ-001120,8195.77,208
BIZ-001121,34555.34,126
BIZ-001122,22095.04,90
BIZ-001123,10406.51,207
BIZ-001124,17399.05,42
BIZ-001125,18321.39,179
BIZ-001126,16811.94,140
BIZ-001127,129487.71,205
BIZ-001128,19961.37,101
BIZ-001129,17259.26,199
BIZ-001130,2704.17,4
BIZ-001131,9007.32,182
BIZ-001132,16931.42,17
BIZ-001133,11093.86,154
BIZ-001134,87702.67,47
BIZ-001135,18677.26,231
BIZ-001136,79893.06,184
BIZ-001137,23428.41,26
BIZ-001138,22861.92,214
BIZ-001139,20154.92,61
BIZ-001140,22110.24,131
BIZ-001141,122859.29,21
BIZ-001142,2165.46,26
BIZ-001143,2976.35,58
BIZ-001144,12795.25,128
BIZ-001145,22348.8,130
BIZ-001146,43919.09,205
BIZ-001147,35351.19,40
BIZ-001148,14999.23,180
BIZ-001149,61025.29,2
BIZ-001150,61709.64,70
BIZ-001151,26477.69,42
BIZ-001152,57679.53,30
BIZ-001153,28930.31,140
BIZ-001154,12563.07,216
BIZ-001155,44259.12,160
BIZ-001156,24602.74,205
BIZ-001157,22056.0,142
BIZ-001158,96081.64,13
BIZ-001159,1899.09,83
BIZ-001160,5336.45,197
BIZ-001161,6720.58,11
BIZ-001162,15317.32,24
BIZ-001163,17075.36,200
BIZ-001164,4878.9,16
BIZ-001165,8224.25,230
BIZ-001166,9312.92,182
BIZ-001167,257152.38,159
BIZ-001168,133484.67,129
BIZ-001169,14592.32,22
BIZ-001170,15312.38,100
BIZ-001171,6979.94,194
BIZ-001172,3267.79,217
BIZ-001173,19596.77,107
BIZ-001174,8120.51,201
BIZ-001175,20234.6,186
BIZ-001176,4446.15,14
BIZ-001177,10280.72,149
BIZ-001178,25555.99,148
BIZ-001179,31767.84,130
BIZ-001180,33438.79,185
BIZ-001181,5881.17,213
BIZ-001182,51776.19,132
BIZ-001183,9895.03,77
BIZ-001184,41475.49,235
BIZ-001185,21793.38,231
BIZ-001186,5561.44,164
BIZ-001187,16055.43,154
BIZ-001188,31740.98,25
BIZ-001189,40658.59,96
BIZ-001190,19129.98,48
BIZ-001191,101903.23,124
BIZ-001192,60325.54,198
BIZ-001193,17040.46,54
BIZ-001194,46635.71,239
BIZ-001195,152328.32,31
BIZ-001196,156448.88,24
BIZ-001197,6451.06,233
BIZ-001198,8720.81,24
BIZ-001199,97238.19,176
BIZ-001200,7644.33,183
BIZ-001201,5869.11,79
BIZ-001202,13545.45,16
BIZ-001203,33531.04,74
BIZ-001204,19882.66,17
BIZ-001205,11492.34,161
BIZ-001206,11223.75,213
BIZ-001207,10803.91,239
BIZ-001208,9140.68,192
BIZ-001209,215697.64,186
BIZ-001210,29658.71,211
BIZ-001211,53463.75,184
BIZ-001212,13506.45,156
BIZ-001213,18288.79,239
BIZ-001214,10790.77,78
BIZ-001215,1553.54,99
BIZ-001216,5552.43,217
BIZ-001217,3602.49,75
BIZ-001218,2322.07,72
BIZ-001219,6665.11,37
BIZ-001220,82863.97,66
BIZ-001221,21069.12,142
BIZ-001222,80062.57,212
BIZ-001223,33222.5,33
BIZ-001224,48173.23,163
BIZ-001225,8947.26,184
BIZ-001226,37195.79,215
BIZ-001227,45647.96,180
BIZ-001228,12374.0,38
BIZ-001229,38543.41,117
BIZ-001230,38800.47,228
BIZ-001231,12713.85,218
BIZ-001232,7166.92,147
BIZ-001233,6740.38,231
BIZ-001234,24016.72,160
BIZ-001235,30546.64,16
BIZ-001236,9971.38,219
BIZ-001237,22619.9,41
BIZ-001238,38969.6,91
BIZ-001239,40871.6,57
BIZ-001240,103972.33,172
BIZ-001241,78982.44,8
BIZ-001242,8092.63,154
BIZ-001243,118608.83,207
BIZ-001244,12952.23,189
BIZ-001245,62622.06,74
BIZ-001246,23576.05,215
BIZ-001247,14586.48,87
BIZ-001248,3613.03,163
BIZ-001249,18553.9,122
BIZ-001250,4631.41,17
BIZ-001251,57947.88,1
BIZ-001252,100387.47,44
BIZ-001253,9927.75,224
BIZ-001254,29791.27,229
BIZ-001255,10663.78,99
BIZ-001256,11748.9,232
BIZ-001257,47786.32,12
BIZ-001258,21193.75,232
BIZ-001259,125448.18,56
BIZ-001260,13599.22,9
BIZ-001261,59834.42,182
BIZ-001262,24280.13,92
BIZ-001263,48814.27,70
BIZ-001264,14084.67,182
BIZ-001265,20961.47,80
BIZ-001266,19623.85,180
BIZ-001267,9546.62,47
BIZ-001268,42705.44,21
BIZ-001269,42203.1,78
BIZ-001270,39876.99,146
BIZ-001271,102433.15,54
BIZ-001272,93839.84,35
BIZ-001273,15139.39,180
BIZ-001274,31985.96,118
BIZ-001275,11806.43,104
BIZ-001276,22546.96,58
BIZ-001277,12091.41,5
BIZ-001278,111309.55,13
BIZ-001279,31688.15,163
BIZ-001280,17711.53,20
BIZ-001281,72665.25,60
BIZ-001282,2513.38,218
BIZ-001283,2939.21,83
BIZ-001284,48817.23,178
BIZ-001285,23399.47,83
BIZ-001286,28295.17,223
BIZ-001287,5846.53,197
BIZ-001288,21520.61,113
BIZ-001289,163326.97,164
BIZ-001290,50221.56,99
BIZ-001291,26100.42,226
BIZ-001292,14199.27,86
BIZ-001293,14845.13,200
BIZ-001294,2619.67,148
BIZ-001295,28499.46,154
BIZ-001296,51301.9,85
BIZ-001297,4556.82,200
BIZ-001298,11368.29,179
BIZ-001299,6922.52,195
BIZ-001300,8388.77,192
BIZ-001301,23236.55,38
BIZ-001302,2739.68,210
BIZ-001303,40711.69,202
BIZ-001304,46810.14,59
BIZ-001305,17135.33,235
BIZ-001306,1843.26,126
BIZ-001307,8132.16,77
BIZ-001308,75576.6,54
BIZ-001309,1369.23,88
BIZ-001310,15560.28,9
BIZ-001311,6768.26,166
BIZ-001312,49245.35,170
BIZ-001313,11213.64,160
BIZ-001314,32989.81,132
BIZ-001315,38772.26,87
BIZ-001316,138168.03,174
BIZ-001317,17980.77,209
BIZ-001318,32081.81,21
BIZ-001319,4988.77,92
BIZ-001320,72432.73,238
BIZ-001321,10295.8,207
BIZ-001322,12572.23,238
BIZ-001323,21541.84,44
BIZ-001324,4615.22,112
BIZ-001325,27688.43,32
BIZ-001326,57957.56,207
BIZ-001327,29523.26,124
BIZ-001328,4496.72,59
BIZ-001329,19461.45,22
BIZ-001330,46259.81,177
BIZ-001331,3367.79,195
BIZ-001332,7519.34,211
BIZ-001333,52920.37,233
BIZ-001334,28856.64,195
BIZ-001335,33255.37,188
BIZ-001336,141420.76,195
BIZ-001337,35191.25,239
BIZ-001338,42526.73,111
BIZ-001339,331288.72,182
BIZ-001340,17786.51,196
BIZ-001341,9918.11,28
BIZ-001342,33785.82,166
BIZ-001343,34166.16,81
BIZ-001344,13007.54,32
BIZ-001345,7844.77,41
BIZ-001346,221869.45,28
BIZ-001347,30541.55,215
BIZ-001348,10590.52,185
BIZ-001349,55046.32,25
BIZ-001350,19748.94,150
BIZ-001351,17104.87,158
BIZ-001352,38648.87,125
BIZ-001353,6051.84,145
BIZ-001354,31339.27,217
BIZ-001355,149186.85,125
BIZ-001356,35107.77,158
BIZ-001357,15120.22,137
BIZ-001358,13265.14,95
BIZ-001359,14612.9,213
BIZ-001360,17086.39,99
BIZ-001361,15096.13,192
BIZ-001362,55067.3,145
BIZ-001363,3892.44,164
BIZ-001364,52156.29,182
BIZ-001365,15067.77,176
BIZ-001366,32110.8,135
BIZ-001367,7136.75,148
BIZ-001368,83169.09,122
BIZ-001369,76545.07,82
BIZ-001370,57502.89,174
BIZ-001371,4842.78,211
BIZ-001372,50469.33,169
BIZ-001373,33019.55,185
BIZ-001374,4423.69,199
BIZ-001375,21497.73,88
BIZ-001376,31714.67,15
BIZ-001377,38410.08,81
BIZ-001378,26298.35,181
BIZ-001379,29473.05,195
BIZ-001380,96144.87,123
BIZ-001381,75059.31,187
BIZ-001382,1252.56,18
BIZ-001383,16035.52,154
BIZ-001384,18682.62,163
BIZ-001385,3819.6,122
BIZ-001386,24201.82,172
BIZ-001387,76784.48,118
BIZ-001388,7431.12,126
BIZ-001389,30834.85,145
BIZ-001390,8814.7,190
BIZ-001391,11249.6,60
BIZ-001392,96509.2,72
BIZ-001393,12803.09,101
BIZ-001394,34968.83,49
BIZ-001395,3390.67,80
BIZ-001396,141820.52,84
BIZ-001397,40241.43,76
BIZ-001398,18352.12,99
BIZ-001399,39165.3,121
BIZ-001400,5378.58,167
BIZ-001401,71864.0,73
BIZ-001402,15930.89,203
BIZ-001403,17960.51,115
BIZ-001404,13471.67,173
BIZ-001405,12324.55,28
BIZ-001406,44120.09,42
BIZ-001407,28450.1,109
BIZ-001408,42266.42,88
BIZ-001409,21833.6,119
BIZ-001410,36798.04,38
BIZ-001411,14489.09,114
BIZ-001412,204788.26,165
BIZ-001413,4591.99,175
BIZ-001414,77725.4,60
BIZ-001415,86500.67,83
BIZ-001416,9394.14,126
BIZ-001417,204694.44,124
BIZ-001418,59604.73,190
BIZ-001419,58170.81,94
BIZ-001420,22652.42,161
BIZ-001421,17725.75,212
BIZ-001422,17864.86,72
BIZ-001423,32549.93,197
BIZ-001424,89427.75,80
BIZ-001425,26405.15,80
BIZ-001426,8853.4,157
BIZ-001427,50232.98,149
BIZ-001428,55334.44,132
BIZ-001429,42389.65,56
BIZ-001430,46420.61,24
BIZ-001431,16798.95,218
BIZ-001432,8699.41,209
BIZ-001433,9244.71,212
BIZ-001434,4292.12,123
BIZ-001435,27915.81,212
BIZ-001436,20262.99,114
BIZ-001437,14186.02,19
BIZ-001438,1146.4,48
BIZ-001439,6327.64,66
BIZ-001440,67564.68,91
BIZ-001441,11331.87,225
BIZ-001442,31589.87,80
BIZ-001443,5482.49,147
BIZ-001444,92846.74,65
BIZ-001445,19071.92,154
BIZ-001446,29437.96,136
BIZ-001447,225433.34,36
BIZ-001448,100352.08,111
BIZ-001449,16210.82,26
BIZ-001450,12170.62,213
BIZ-001451,15906.05,169
BIZ-001452,36676.75,225
BIZ-001453,19826.52,210
BIZ-001454,14835.17,53
BIZ-001455,95528.63,170
BIZ-001456,19649.16,24
BIZ-001457,219605.73,230
BIZ-001458,24118.7,188
BIZ-001459,131310.29,163
BIZ-001460,31486.67,238
BIZ-001461,57697.01,203
BIZ-001462,10672.11,207
BIZ-001463,9379.12,24
BIZ-001464,34881.29,6
BIZ-001465,59192.68,230
BIZ-001466,22931.26,61
BIZ-001467,6085.15,102
BIZ-001468,5651.87,11
BIZ-001469,5286.25,149
BIZ-001470,3760.77,197
BIZ-001471,24575.01,202
BIZ-001472,67849.27,139
BIZ-001473,21732.94,159
BIZ-001474,2297.52,123
BIZ-001475,18201.14,107
BIZ-001476,18717.25,133
BIZ-001477,179153.59,224
BIZ-001478,5130.01,61
BIZ-001479,14903.07,113
BIZ-001480,121279.45,144
BIZ-001481,34543.63,137
BIZ-001482,38689.1,8
BIZ-001483,24700.64,69
BIZ-001484,30636.38,155
BIZ-001485,47935.4,166
BIZ-001486,9803.69,176
BIZ-001487,53000.6,237
BIZ-001488,5580.3,161
BIZ-001489,30588.15,139
BIZ-001490,26337.29,80
BIZ-001491,11893.02,89
BIZ-001492,21532.41,198
BIZ-001493,11818.95,113
BIZ-001494,7542.42,172
BIZ-001495,15465.78,30
BIZ-001496,7302.79,31
BIZ-001497,30418.23,52
BIZ-001498,6973.79,47
BIZ-001499,44890.3,146
BIZ-001500,6758.26,153
BIZ-001501,12502.76,134
BIZ-001502,11794.59,70
BIZ-001503,82879.81,138
BIZ-001504,30647.0,29
BIZ-001505,17823.38,114
BIZ-001506,36269.03,38
BIZ-001507,2677.95,19
BIZ-001508,21096.58,40
BIZ-001509,162350.71,27
BIZ-001510,25143.29,115
BIZ-001511,23574.32,131
BIZ-001512,38106.05,146
BIZ-001513,53938.79,106
BIZ-001514,2988.52,43
BIZ-001515,4095.62,5
BIZ-001516,27181.48,171
BIZ-001517,10776.5,235
BIZ-001518,81799.41,68
BIZ-001519,16071.87,49
BIZ-001520,3182.65,75
BIZ-001521,6198.03,52
BIZ-001522,1408.56,54
BIZ-001523,17428.72,119
BIZ-001524,18244.44,188
BIZ-001525,14407.98,171
BIZ-001526,64788.22,230
BIZ-001527,73022.28,86
BIZ-001528,18575.74,118
BIZ-001529,2605.31,91
BIZ-001530,40834.46,11
BIZ-001531,38382.63,93
BIZ-001532,30013.17,63
BIZ-001533,58775.46,115
BIZ-001534,6871.74,38
BIZ-001535,164186.03,178
BIZ-001536,8438.6,202
BIZ-001537,46593.81,230
BIZ-001538,4075.11,21
BIZ-001539,8688.32,29
BIZ-001540,100344.91,231
BIZ-001541,16968.27,203
BIZ-001542,51017.43,141
BIZ-001543,27916.0,77
BIZ-001544,19831.8,124
BIZ-001545,86150.44,129
BIZ-001546,17384.62,203
BIZ-001547,3711.76,127
BIZ-001548,9865.11,7
BIZ-001549,38222.96,168
BIZ-001550,32712.39,186
BIZ-001551,4596.0,72
BIZ-001552,10674.97,28
BIZ-001553,12311.37,34
BIZ-001554,15283.52,201
BIZ-001555,5564.08,107
BIZ-001556,11750.24,127
BIZ-001557,10629.51,230
BIZ-001558,47645.01,15
BIZ-001559,49469.98,50
BIZ-001560,19037.95,200
BIZ-001561,14882.78,130
BIZ-001562,25334.55,7
BIZ-001563,9734.44,168
BIZ-001564,6996.52,34
BIZ-001565,8602.25,187
BIZ-001566,11674.79,191
BIZ-001567,6881.05,198
BIZ-001568,25901.59,112
BIZ-001569,45693.7,65
BIZ-001570,4504.81,211
BIZ-001571,22586.98,134
BIZ-001572,17677.79,152
BIZ-001573,30992.75,33
BIZ-001574,21743.31,150
BIZ-001575,5148.19,139
BIZ-001576,6232.99,70
BIZ-001577,22684.19,184
BIZ-001578,61622.41,32
BIZ-001579,2406.22,172
BIZ-001580,31123.75,230
BIZ-001581,72375.42,136
BIZ-001582,18901.08,26
BIZ-001583,38185.17,133
BIZ-001584,10904.5,127
BIZ-001585,19548.11,132
BIZ-001586,4355.03,66
BIZ-001587,2112.56,150
BIZ-001588,56543.52,64
BIZ-001589,8225.59,134
BIZ-001590,13967.27,143
BIZ-001591,5505.8,155
BIZ-001592,5377.78,191
BIZ-001593,18511.78,211
BIZ-001594,10619.24,186
BIZ-001595,32143.68,191
BIZ-001596,34632.17,208
BIZ-001597,30359.04,58
BIZ-001598,27961.97,71
BIZ-001599,106699.12,128
BIZ-001600,7573.47,112
BIZ-001601,20849.08,168
BIZ-001602,68370.03,3
BIZ-001603,78005.91,34
BIZ-001604,5314.72,179
BIZ-001605,16117.24,197
BIZ-001606,85658.27,73
BIZ-001607,36610.09,75
BIZ-001608,26776.05,135
BIZ-001609,17717.63,115
BIZ-001610,15005.91,41
BIZ-001611,29384.4,120
BIZ-001612,17113.55,196
BIZ-001613,21108.3,175
BIZ-001614,23827.57,196
BIZ-001615,11180.52,154
BIZ-001616,37501.24,210
BIZ-001617,406055.3,60
BIZ-001618,3725.71,11
BIZ-001619,30455.22,28
BIZ-001620,10299.08,238
BIZ-001621,39238.06,154
BIZ-001622,23076.21,60
BIZ-001623,47186.11,205
BIZ-001624,71360.99,74
BIZ-001625,26700.06,143
BIZ-001626,68326.45,60
BIZ-001627,2112.66,23
BIZ-001628,108061.12,64
BIZ-001629,32050.31,55
BIZ-001630,64721.15,133
BIZ-001631,6503.69,5
BIZ-001632,9597.23,58
BIZ-001633,25487.37,136
BIZ-001634,21654.36,95
BIZ-001635,29233.44,152
BIZ-001636,65154.4,157
BIZ-001637,3769.81,231
BIZ-001638,58326.92,200
BIZ-001639,22209.64,55
BIZ-001640,17965.67,166
BIZ-001641,5058.8,150
BIZ-001642,36426.39,143
BIZ-001643,1970.2,191
BIZ-001644,42124.89,36
BIZ-001645,4953.72,90
BIZ-001646,23236.0,196
BIZ-001647,19551.97,214
BIZ-001648,70936.34,9
BIZ-001649,18422.81,113
BIZ-001650,11002.32,64
BIZ-001651,13271.81,41
BIZ-001652,78659.43,14
BIZ-001653,37657.86,129
BIZ-001654,14978.48,160
BIZ-001655,17388.31,127
BIZ-001656,4595.45,89
BIZ-001657,32483.07,185
BIZ-001658,3790.24,156
BIZ-001659,46713.87,218
BIZ-001660,25049.81,83
BIZ-001661,239654.07,58
BIZ-001662,7330.98,109
BIZ-001663,19877.38,122
BIZ-001664,133024.38,110
BIZ-001665,72503.47,199
BIZ-001666,10979.53,11
BIZ-001667,27555.78,127
BIZ-001668,22070.55,103
BIZ-001669,29200.93,51
BIZ-001670,10952.46,154
BIZ-001671,20144.36,192
BIZ-001672,4455.74,131
BIZ-001673,25213.21,21
BIZ-001674,34545.09,18
BIZ-001675,17545.99,101
BIZ-001676,4380.64,160
BIZ-001677,59191.42,75
BIZ-001678,31714.37,74
BIZ-001679,10657.14,206
BIZ-001680,16637.25,4
BIZ-001681,4911.48,20
BIZ-001682,7899.78,38
BIZ-001683,12864.01,236
BIZ-001684,75238.69,119
BIZ-001685,11620.16,38
BIZ-001686,41781.7,75
BIZ-001687,12857.52,232
BIZ-001688,28224.55,166
BIZ-001689,19122.19,54
BIZ-001690,52736.16,58
BIZ-001691,12902.66,18
BIZ-001692,4570.93,185
BIZ-001693,5530.6,33
BIZ-001694,12940.57,69
BIZ-001695,6316.62,84
BIZ-001696,33196.91,149
BIZ-001697,13824.97,145
BIZ-001698,236713.67,192
BIZ-001699,3874.94,72
BIZ-001700,27001.11,93
BIZ-001701,7129.86,93
BIZ-001702,13448.17,12
BIZ-001703,25372.46,177
BIZ-001704,2153.02,128
BIZ-001705,27912.39,114
BIZ-001706,147695.42,238
BIZ-001707,13996.49,43
BIZ-001708,28561.3,232
BIZ-001709,61385.06,163
BIZ-001710,18695.66,53
BIZ-001711,12320.75,163
BIZ-001712,2262.59,181
BIZ-001713,41814.18,87
BIZ-001714,19669.64,83
BIZ-001715,8000.95,200
BIZ-001716,24999.14,39
BIZ-001717,12287.28,4
BIZ-001718,12985.31,160
BIZ-001719,40388.13,217
BIZ-001720,5776.87,120
BIZ-001721,62775.19,33
BIZ-001722,5444.24,129
BIZ-001723,11353.7,61
BIZ-001724,150684.9,198
BIZ-001725,68006.24,147
BIZ-001726,24284.75,81
BIZ-001727,8599.59,150
BIZ-001728,12974.33,160
BIZ-001729,23701.07,163
BIZ-001730,22868.67,88
BIZ-001731,20113.15,137
BIZ-001732,21357.7,11
BIZ-001733,17776.36,97
BIZ-001734,5208.36,91
BIZ-001735,13140.96,128
BIZ-001736,54974.46,228
BIZ-001737,5606.41,228
BIZ-001738,18223.09,116
BIZ-001739,9703.54,155
BIZ-001740,24620.89,26
BIZ-001741,14933.57,116
BIZ-001742,96509.2,165
BIZ-001743,36555.36,164
BIZ-001744,5932.48,231
BIZ-001745,43097.83,112
BIZ-001746,10151.21,217
BIZ-001747,12369.68,234
BIZ-001748,30146.35,137
BIZ-001749,13470.44,22
BIZ-001750,53790.7,90
BIZ-001751,10152.65,183
BIZ-001752,11861.5,139
BIZ-001753,11425.8,224
BIZ-001754,12510.97,196
BIZ-001755,66117.69,16
BIZ-001756,41307.37,206
BIZ-001757,121776.66,86
BIZ-001758,212701.32,196
BIZ-001759,7857.97,122
BIZ-001760,23633.47,109
BIZ-001761,6794.03,18
BIZ-001762,10121.27,29
BIZ-001763,11730.15,143
BIZ-001764,7652.94,137
BIZ-001765,7693.36,133
BIZ-001766,19067.02,38
BIZ-001767,6524.25,122
BIZ-001768,51130.01,15
BIZ-001769,8797.71,35
BIZ-001770,365700.13,120
BIZ-001771,14025.26,148
BIZ-001772,23671.28,157
BIZ-001773,6030.94,235
BIZ-001774,121308.45,205
BIZ-001775,67474.21,91
BIZ-001776,29641.06,188
BIZ-001777,5728.43,23
BIZ-001778,27191.7,205
BIZ-001779,7176.51,93
BIZ-001780,95068.72,182
BIZ-001781,49473.61,232
BIZ-001782,24232.23,169
BIZ-001783,1926.82,220
BIZ-001784,8238.59,3
BIZ-001785,43816.3,41
BIZ-001786,74078.73,150
BIZ-001787,66780.73,130
BIZ-001788,4482.73,29
BIZ-001789,29778.81,172
BIZ-001790,60810.35,15
BIZ-001791,4195.07,237
BIZ-001792,21853.04,38
BIZ-001793,28964.97,107
BIZ-001794,16305.14,197
BIZ-001795,3455.9,123
BIZ-001796,15903.62,178
BIZ-001797,15878.08,169
BIZ-001798,18994.93,227
BIZ-001799,12538.12,111
BIZ-001800,14143.18,234
BIZ-001801,21169.01,124
BIZ-001802,34284.7,214
BIZ-001803,16245.53,176
BIZ-001804,14623.0,32
BIZ-001805,24157.59,154
BIZ-001806,3226.28,210
BIZ-001807,35491.03,31
BIZ-001808,22014.07,201
BIZ-001809,22918.36,26
BIZ-001810,57568.7,209
BIZ-001811,3124.98,189
BIZ-001812,3059.99,37
BIZ-001813,28963.85,174
BIZ-001814,21870.26,28
BIZ-001815,26112.7,136
BIZ-001816,13875.4,221
BIZ-001817,42802.58,50
BIZ-001818,55973.79,42
BIZ-001819,35738.45,102
BIZ-001820,16969.48,89
BIZ-001821,2676.62,12
BIZ-001822,47535.7,109
BIZ-001823,74736.86,63
BIZ-001824,41963.62,30
BIZ-001825,9139.47,66
BIZ-001826,43208.58,5
BIZ-001827,52079.66,219
BIZ-001828,104696.01,238
BIZ-001829,9171.81,88
BIZ-001830,17562.92,210
BIZ-001831,46503.0,111
BIZ-001832,23328.01,219
BIZ-001833,7206.02,42
BIZ-001834,33343.44,69
BIZ-001835,39287.5,177
BIZ-001836,24051.75,53
BIZ-001837,27435.28,197
BIZ-001838,17005.53,102
BIZ-001839,96594.68,97
BIZ-001840,8949.1,109
BIZ-001841,12242.63,191
BIZ-001842,22269.77,2
BIZ-001843,53048.08,180
BIZ-001844,4927.7,187
BIZ-001845,5941.42,197
BIZ-001846,2870.59,239
BIZ-001847,22758.53,187
BIZ-001848,7198.98,127
BIZ-001849,14994.67,112
BIZ-001850,42675.41,93
BIZ-001851,11596.48,198
BIZ-001852,27758.07,94
BIZ-001853,16328.41,137
BIZ-001854,43136.05,23
BIZ-001855,35423.41,76
BIZ-001856,11026.61,64
BIZ-001857,18608.03,104
BIZ-001858,62551.37,121
BIZ-001859,32642.71,172
BIZ-001860,5448.19,104
BIZ-001861,42430.3,36
BIZ-001862,7445.68,131
BIZ-001863,90446.43,14
BIZ-001864,61334.57,203
BIZ-001865,29433.4,185
BIZ-001866,25776.87,54
BIZ-001867,17871.59,63
BIZ-001868,43413.42,7
BIZ-001869,15202.6,88
BIZ-001870,27877.35,10
BIZ-001871,52677.01,224
BIZ-001872,12559.01,33
BIZ-001873,11894.21,158
BIZ-001874,6671.73,137
BIZ-001875,7597.14,57
BIZ-001876,3539.02,194
BIZ-001877,45698.87,27
BIZ-001878,134445.55,212
BIZ-001879,91613.04,177
BIZ-001880,4332.57,152
BIZ-001881,45472.12,211
BIZ-001882,91318.29,97
BIZ-001883,13949.38,68
BIZ-001884,24378.27,37
BIZ-001885,2957.52,221
BIZ-001886,28759.87,96
BIZ-001887,7604.08,199
BIZ-001888,26893.37,80
BIZ-001889,4622.99,229
BIZ-001890,37905.75,208
BIZ-001891,61359.95,74
BIZ-001892,10065.01,117
BIZ-001893,7066.19,190
BIZ-001894,2550.33,55
BIZ-001895,16874.97,6
BIZ-001896,12312.94,70
BIZ-001897,4670.31,142
BIZ-001898,34648.81,33
BIZ-001899,14045.11,80
BIZ-001900,7512.05,220
BIZ-001901,12650.19,18
BIZ-001902,64299.33,13
BIZ-001903,40252.88,102
BIZ-001904,19340.83,4
BIZ-001905,40908.99,7
BIZ-001906,6898.7,44
BIZ-001907,22751.13,25
BIZ-001908,25522.67,194
BIZ-001909,13768.84,30
BIZ-001910,34045.68,126
BIZ-001911,10092.69,169
BIZ-001912,36673.9,150
BIZ-001913,38248.47,157
BIZ-001914,1191.35,86
BIZ-001915,72424.92,213
BIZ-001916,1045.62,17
BIZ-001917,11895.92,26
BIZ-001918,61411.23,205
BIZ-001919,16037.95,17
BIZ-001920,5083.8,46
BIZ-001921,7378.04,42
BIZ-001922,61506.97,8
BIZ-001923,3224.38,28
BIZ-001924,68117.61,137
BIZ-001925,20845.59,159
BIZ-001926,6684.89,20
BIZ-001927,12294.23,226
BIZ-001928,7964.71,23
BIZ-001929,52377.12,165
BIZ-001930,45817.79,192
BIZ-001931,3947.5,125
BIZ-001932,14711.84,118
BIZ-001933,9291.12,27
BIZ-001934,80298.8,58
BIZ-001935,5709.58,204
BIZ-001936,109560.16,84
BIZ-001937,21305.17,9
BIZ-001938,6891.65,175
BIZ-001939,11189.44,164
BIZ-001940,9881.12,16
BIZ-001941,6157.23,13
BIZ-001942,24217.4,28
BIZ-001943,6451.61,13
BIZ-001944,2488.99,148
BIZ-001945,15067.92,32
BIZ-001946,3630.57,146
BIZ-001947,10382.11,43
BIZ-001948,8874.14,233
BIZ-001949,9216.81,174
BIZ-001950,162911.62,90
BIZ-001951,23304.73,103
BIZ-001952,28151.92,16
BIZ-001953,3727.91,14
BIZ-001954,11453.34,129
BIZ-001955,27318.04,6
BIZ-001956,7906.74,153
BIZ-001957,54614.95,92
BIZ-001958,6616.38,34
BIZ-001959,16541.6,129
BIZ-001960,12258.18,133
BIZ-001961,25960.22,179
BIZ-001962,11608.7,48
BIZ-001963,16799.53,131
BIZ-001964,17393.81,202
BIZ-001965,10568.28,65
BIZ-001966,35778.19,200
BIZ-001967,27956.03,173
BIZ-001968,20158.6,103
BIZ-001969,14321.85,212
BIZ-001970,48851.68,232
BIZ-001971,17398.96,57
BIZ-001972,16208.69,235
BIZ-001973,24457.45,1
BIZ-001974,120160.87,31
BIZ-001975,5765.48,11
BIZ-001976,47565.21,88
BIZ-001977,3317.04,224
BIZ-001978,27371.93,144
BIZ-001979,106412.98,148
BIZ-001980,35906.32,21
BIZ-001981,26124.4,124
BIZ-001982,12576.06,92
BIZ-001983,22721.05,115
BIZ-001984,17118.88,63
BIZ-001985,10036.9,49
BIZ-001986,16483.65,228
BIZ-001987,26859.67,134
BIZ-001988,10226.96,99
BIZ-001989,9835.15,18
BIZ-001990,5651.95,183
BIZ-001991,32556.26,113
BIZ-001992,37999.31,93
BIZ-001993,27768.58,160
BIZ-001994,57824.65,32
BIZ-001995,24049.46,128
BIZ-001996,32598.15,207
BIZ-001997,29846.93,111
BIZ-001998,20099.7,1
BIZ-001999,12954.24,55
BIZ-002000,201622.54,14
BIZ-002001,14017.32,120
BIZ-002002,11317.69,88
BIZ-002003,33996.4,32
BIZ-002004,28335.04,165
BIZ-002005,5405.7,43
BIZ-002006,67688.95,82
BIZ-002007,20046.41,237
BIZ-002008,7252.26,16
BIZ-002009,72314.8,60
BIZ-002010,41178.67,76
BIZ-002011,6219.58,122
BIZ-002012,130246.34,59
BIZ-002013,42565.42,232
BIZ-002014,21803.02,2
BIZ-002015,108035.89,227
BIZ-002016,25830.15,128
BIZ-002017,21416.5,10
BIZ-002018,11380.99,28
BIZ-002019,39412.98,25
BIZ-002020,35475.69,69
BIZ-002021,22352.2,80
BIZ-002022,9996.73,154
BIZ-002023,25082.6,75
BIZ-002024,20541.47,174
BIZ-002025,5805.29,71
BIZ-002026,5055.28,63
BIZ-002027,38760.36,66
BIZ-002028,1632.9,79
BIZ-002029,27049.14,201
BIZ-002030,13655.76,60
BIZ-002031,81490.9,66
BIZ-002032,13447.28,229
BIZ-002033,42594.66,157
BIZ-002034,14810.42,46
BIZ-002035,24679.99,208
BIZ-002036,46020.24,44
BIZ-002037,13869.46,39
BIZ-002038,59668.22,107
BIZ-002039,8154.31,166
BIZ-002040,29572.28,46
BIZ-002041,55416.89,181
BIZ-002042,42618.23,38
BIZ-002043,149708.43,187
BIZ-002044,10265.67,23
BIZ-002045,5546.1,111
BIZ-002046,8149.12,154
BIZ-002047,42635.5,64
BIZ-002048,36240.15,147
BIZ-002049,24398.01,165
BIZ-002050,7165.57,156
BIZ-002051,47423.22,95
BIZ-002052,6472.35,185
BIZ-002053,70189.19,175
BIZ-002054,383631.76,78
BIZ-002055,31775.51,176
BIZ-002056,39462.58,220
BIZ-002057,13455.46,196
BIZ-002058,3603.95,176
BIZ-002059,12055.55,184
BIZ-002060,7384.25,193
BIZ-002061,5182.25,70
BIZ-002062,123298.06,173
BIZ-002063,28936.6,48
BIZ-002064,32198.9,86
BIZ-002065,16171.05,224
BIZ-002066,18529.68,68
BIZ-002067,57788.82,202
BIZ-002068,21325.59,101
BIZ-002069,37447.45,51
BIZ-002070,18105.95,24
BIZ-002071,15644.07,132
BIZ-002072,5394.23,108
BIZ-002073,3048.03,123
BIZ-002074,16957.04,11
BIZ-002075,23306.71,65
BIZ-002076,6086.75,1
BIZ-002077,21280.05,73
BIZ-002078,23242.84,223
BIZ-002079,2550.37,37
BIZ-002080,8820.87,165
BIZ-002081,33099.18,2
BIZ-002082,32437.12,135
BIZ-002083,6948.81,221
BIZ-002084,25808.21,82
BIZ-002085,61230.9,48
BIZ-002086,47909.69,137
BIZ-002087,20024.55,67
BIZ-002088,13794.48,214
BIZ-002089,11738.81,203
BIZ-002090,35165.47,156
BIZ-002091,26771.79,153
BIZ-002092,41332.48,144
BIZ-002093,25131.41,176
BIZ-002094,49949.31,110
BIZ-002095,24211.73,232
BIZ-002096,48275.95,83
BIZ-002097,52618.49,3
BIZ-002098,9852.43,167
BIZ-002099,3611.42,159
BIZ-002100,103103.94,235
BIZ-002101,28471.5,95
BIZ-002102,3966.0,102
BIZ-002103,10787.9,135
BIZ-002104,47661.26,94
BIZ-002105,16652.63,188
BIZ-002106,13199.56,103
BIZ-002107,89400.53,188
BIZ-002108,7728.83,102
BIZ-002109,9915.42,54
BIZ-002110,27211.27,237
BIZ-002111,32547.47,126
BIZ-002112,36182.94,169
BIZ-002113,54788.63,142
BIZ-002114,26864.97,86
BIZ-002115,35932.01,233
BIZ-002116,16996.98,89
BIZ-002117,23451.7,238
BIZ-002118,24527.11,103
BIZ-002119,27312.46,6
BIZ-002120,47692.99,9
BIZ-002121,38374.39,233
BIZ-002122,23022.26,127
BIZ-002123,9807.22,93
BIZ-002124,23568.62,194
BIZ-002125,21417.9,148
BIZ-002126,26720.37,158
BIZ-002127,200090.55,164
BIZ-002128,13045.87,48
BIZ-002129,33600.26,22
BIZ-002130,64116.82,175
BIZ-002131,24294.42,6
BIZ-002132,228169.74,172
BIZ-002133,15092.61,32
BIZ-002134,30457.55,63
BIZ-002135,9908.96,170
BIZ-002136,15498.14,149
BIZ-002137,28252.41,187
BIZ-002138,51344.04,147
BIZ-002139,30305.81,12
BIZ-002140,77583.87,201
BIZ-002141,20030.97,52
BIZ-002142,15801.05,33
BIZ-002143,329056.62,210
BIZ-002144,32670.82,47
BIZ-002145,10726.99,129
BIZ-002146,11000.94,117
BIZ-002147,8581.12,184
BIZ-002148,56194.23,11
BIZ-002149,15300.22,26
BIZ-002150,25018.29,100
BIZ-002151,20671.09,114
BIZ-002152,45774.96,189
BIZ-002153,9445.14,145
BIZ-002154,7513.28,36
BIZ-002155,27564.87,234
BIZ-002156,40173.36,110
BIZ-002157,30715.8,231
BIZ-002158,9804.01,237
BIZ-002159,43368.33,13
BIZ-002160,10468.64,121
BIZ-002161,13075.05,101
BIZ-002162,8570.2,120
BIZ-002163,80915.31,75
BIZ-002164,41498.87,134
BIZ-002165,40335.75,118
BIZ-002166,76665.83,45
BIZ-002167,366828.33,69
BIZ-002168,3986.92,36
BIZ-002169,10526.21,202
BIZ-002170,11894.42,162
BIZ-002171,9406.73,93
BIZ-002172,7498.19,95
BIZ-002173,16323.27,19
BIZ-002174,6525.0,70
BIZ-002175,30792.99,221
BIZ-002176,23195.15,8
BIZ-002177,35633.04,35
BIZ-002178,36597.25,203
BIZ-002179,40255.7,125
BIZ-002180,15162.66,8
BIZ-002181,183715.46,118
BIZ-002182,27845.62,180
BIZ-002183,3420.41,83
BIZ-002184,8083.86,92
BIZ-002185,3864.15,151
BIZ-002186,22411.61,144
BIZ-002187,19500.49,216
BIZ-002188,13788.28,60
BIZ-002189,164542.82,66
BIZ-002190,38138.63,38
BIZ-002191,45528.71,159
BIZ-002192,8681.3,128
BIZ-002193,8110.02,83
BIZ-002194,22852.26,167
BIZ-002195,26186.71,91
BIZ-002196,3441.59,47
BIZ-002197,18392.4,130
BIZ-002198,22338.62,105
BIZ-002199,17762.61,97
BIZ-002200,9765.49,107
BIZ-002201,12841.85,219
BIZ-002202,18455.93,52
BIZ-002203,24120.08,66
BIZ-002204,40327.61,136
BIZ-002205,64916.44,12
BIZ-002206,16410.1,35
BIZ-002207,13958.5,136
BIZ-002208,34120.57,122
BIZ-002209,40572.47,157
BIZ-002210,14268.36,28
BIZ-002211,48552.14,205
BIZ-002212,58664.22,117
BIZ-002213,80152.51,38
BIZ-002214,130394.65,75
BIZ-002215,9261.15,55
BIZ-002216,22334.73,109
BIZ-002217,22276.28,113
BIZ-002218,19968.8,104
BIZ-002219,11507.3,111
BIZ-002220,4986.24,217
BIZ-002221,24165.46,230
BIZ-002222,10215.33,118
BIZ-002223,24004.43,231
BIZ-002224,9956.26,196
BIZ-002225,7334.48,196
BIZ-002226,27841.93,54
BIZ-002227,25614.7,105
BIZ-002228,39311.88,85
BIZ-002229,195998.79,24
BIZ-002230,29064.99,18
BIZ-002231,35777.76,149
BIZ-002232,7498.35,101
BIZ-002233,6082.02,198
BIZ-002234,107240.52,160
BIZ-002235,8747.47,21
BIZ-002236,7754.71,201
BIZ-002237,21181.87,119
BIZ-002238,20126.8,136
BIZ-002239,8932.87,231
BIZ-002240,16236.66,153
BIZ-002241,75310.57,6
BIZ-002242,9837.99,43
BIZ-002243,5466.14,102
BIZ-002244,56533.78,9
BIZ-002245,36036.84,41
BIZ-002246,11842.87,190
BIZ-002247,4527.08,35
BIZ-002248,10460.66,40
BIZ-002249,20853.89,121
BIZ-002250,70662.63,22
BIZ-002251,7812.01,62
BIZ-002252,20241.3,225
BIZ-002253,43266.96,151
BIZ-002254,2035.98,231
BIZ-002255,61931.62,85
BIZ-002256,6751.7,148
BIZ-002257,30699.31,58
BIZ-002258,28188.89,91
BIZ-002259,65159.04,42
BIZ-002260,38212.75,200
BIZ-002261,2044.09,44
BIZ-002262,10048.92,49
BIZ-002263,25291.03,111
BIZ-002264,18124.5,103
BIZ-002265,35511.46,76
BIZ-002266,48502.3,86
BIZ-002267,40475.48,71
BIZ-002268,17778.14,219
BIZ-002269,3476.09,139
BIZ-002270,13967.92,220
BIZ-002271,33401.9,236
BIZ-002272,7402.35,156
BIZ-002273,41409.88,198
BIZ-002274,54633.0,27
BIZ-002275,25005.9,227
BIZ-002276,1028.87,116
BIZ-002277,6135.9,171
BIZ-002278,145246.73,59
BIZ-002279,12752.24,23
BIZ-002280,3028.6,212
BIZ-002281,75754.07,108
BIZ-002282,22322.62,34
BIZ-002283,66498.89,158
BIZ-002284,29055.37,13
BIZ-002285,34841.31,108
BIZ-002286,31666.33,169
BIZ-002287,44244.59,173
BIZ-002288,214793.09,109
BIZ-002289,58163.1,89
BIZ-002290,4535.36,201
BIZ-002291,34429.24,45
BIZ-002292,68973.71,18
BIZ-002293,73328.22,38
BIZ-002294,14377.14,192
BIZ-002295,70611.23,113
BIZ-002296,55700.39,9
BIZ-002297,288519.35,41
BIZ-002298,10404.55,7
BIZ-002299,13261.22,195
BIZ-002300,16218.06,111
BIZ-002301,13491.0,17
BIZ-002302,9045.11,53
BIZ-002303,1390.37,148
BIZ-002304,14261.24,142
BIZ-002305,31868.01,196
BIZ-002306,13450.59,7
BIZ-002307,152570.37,17
BIZ-002308,22323.07,9
BIZ-002309,80099.83,95
BIZ-002310,28607.39,174
BIZ-002311,50332.55,159
BIZ-002312,29121.78,51
BIZ-002313,86576.58,158
BIZ-002314,23293.73,157
BIZ-002315,36174.9,46
BIZ-002316,31771.75,180
BIZ-002317,16509.88,101
BIZ-002318,33023.75,15
BIZ-002319,205743.65,94
BIZ-002320,16807.88,184
BIZ-002321,33505.5,167
BIZ-002322,77480.3,65
BIZ-002323,68889.1,181
BIZ-002324,22286.05,94
BIZ-002325,2031.67,110
BIZ-002326,36927.17,21
BIZ-002327,2393.53,239
BIZ-002328,95792.27,201
BIZ-002329,26094.34,47
BIZ-002330,59854.63,135
BIZ-002331,8936.41,187
BIZ-002332,4663.36,121
BIZ-002333,28588.34,51
BIZ-002334,21298.6,232
BIZ-002335,13473.22,65
BIZ-002336,23972.47,80
BIZ-002337,350612.15,89
BIZ-002338,50742.83,213
BIZ-002339,62912.4,120
BIZ-002340,51222.64,173
BIZ-002341,96709.04,216
BIZ-002342,18213.68,222
BIZ-002343,2822.11,205
BIZ-002344,18240.76,217
BIZ-002345,49599.48,227
BIZ-002346,8351.53,237
BIZ-002347,18465.03,154
BIZ-002348,11028.41,32
BIZ-002349,98916.29,28
BIZ-002350,46604.72,191
BIZ-002351,42257.65,76
BIZ-002352,41011.23,193
BIZ-002353,21221.09,224
BIZ-002354,26837.52,155
BIZ-002355,6733.26,183
BIZ-002356,2473.92,67
BIZ-002357,25593.18,104
BIZ-002358,30454.54,231
BIZ-002359,73811.11,196
BIZ-002360,106014.99,49
BIZ-002361,105873.31,224
BIZ-002362,8119.11,120
BIZ-002363,15486.67,202
BIZ-002364,35608.31,125
BIZ-002365,277036.54,145
BIZ-002366,96770.67,39
BIZ-002367,67467.22,81
BIZ-002368,14946.2,173
BIZ-002369,9107.02,202
BIZ-002370,48480.06,22
BIZ-002371,7327.13,19
BIZ-002372,17353.75,166
BIZ-002373,19638.01,107
BIZ-002374,108327.26,203
BIZ-002375,15449.05,17
BIZ-002376,1921.29,84
BIZ-002377,36477.27,9
BIZ-002378,10948.72,170
BIZ-002379,22985.78,206
BIZ-002380,20197.12,38
BIZ-002381,16752.39,78
BIZ-002382,48549.57,203
BIZ-002383,4755.87,10
BIZ-002384,13134.34,228
BIZ-002385,43653.46,212
BIZ-002386,11919.31,37
BIZ-002387,4408.07,34
BIZ-002388,42982.8,166
BIZ-002389,67717.14,3
BIZ-002390,21057.35,121
BIZ-002391,3099.99,16
BIZ-002392,44621.44,128
BIZ-002393,4188.56,84
BIZ-002394,29995.4,169
BIZ-002395,9068.26,211
BIZ-002396,6906.1,117
BIZ-002397,14158.78,154
BIZ-002398,18337.48,144
BIZ-002399,11565.61,236
BIZ-002400,39684.0,56
BIZ-002401,14100.01,58
BIZ-002402,58699.76,91
BIZ-002403,29178.08,177
BIZ-002404,10964.77,207
BIZ-002405,9265.56,67
BIZ-002406,4240.79,27
BIZ-002407,29458.36,146
BIZ-002408,15450.74,143
BIZ-002409,2054.53,90
BIZ-002410,12891.01,45
BIZ-002411,8946.04,204
BIZ-002412,106476.29,203
BIZ-002413,4012.71,179
BIZ-002414,5211.64,139
BIZ-002415,66834.16,63
BIZ-002416,85542.03,97
BIZ-002417,10456.9,17
BIZ-002418,11706.67,60
BIZ-002419,40791.76,108
BIZ-002420,2149.31,105
BIZ-002421,3424.83,20
BIZ-002422,16635.04,229
BIZ-002423,103765.68,65
BIZ-002424,14246.55,122
BIZ-002425,24365.82,112
BIZ-002426,68445.24,113
BIZ-002427,181114.5,202
BIZ-002428,12371.51,179
BIZ-002429,21658.72,208
BIZ-002430,136223.91,91
BIZ-002431,4806.87,64
BIZ-002432,61548.52,103
BIZ-002433,7956.02,135
BIZ-002434,24403.27,81
BIZ-002435,17281.31,110
BIZ-002436,8450.56,37
BIZ-002437,8241.17,140
BIZ-002438,29039.56,171
BIZ-002439,59607.66,126
BIZ-002440,19346.44,209
BIZ-002441,23626.24,238
BIZ-002442,38994.43,217
BIZ-002443,8336.35,23
BIZ-002444,46151.86,211
BIZ-002445,49978.25,80
BIZ-002446,297635.93,108
BIZ-002447,15121.85,99
BIZ-002448,13931.65,68
BIZ-002449,47522.85,210
BIZ-002450,49966.31,153
BIZ-002451,12899.1,232
BIZ-002452,14718.16,229
BIZ-002453,37840.33,101
BIZ-002454,9627.86,174
BIZ-002455,14610.07,121
BIZ-002456,24090.98,119
BIZ-002457,59631.47,177
BIZ-002458,12032.92,165
BIZ-002459,3489.86,218
BIZ-002460,3240.24,185
BIZ-002461,6251.56,149
BIZ-002462,5924.39,220
BIZ-002463,18871.14,25
BIZ-002464,6708.43,183
BIZ-002465,10907.93,94
BIZ-002466,10156.96,104
BIZ-002467,14178.64,187
BIZ-002468,82661.09,66
BIZ-002469,42699.72,212
BIZ-002470,22384.62,120
BIZ-002471,13890.68,84
BIZ-002472,14282.17,79
BIZ-002473,30569.15,101
BIZ-002474,39504.47,226
BIZ-002475,8887.33,25
BIZ-002476,22844.84,122
BIZ-002477,2888.18,200
BIZ-002478,27220.18,113
BIZ-002479,47200.0,136
BIZ-002480,16646.1,84
BIZ-002481,135472.91,33
BIZ-002482,9124.89,153
BIZ-002483,27376.5,220
BIZ-002484,21251.34,125
BIZ-002485,19924.44,104
BIZ-002486,19646.96,31
BIZ-002487,24516.58,226
BIZ-002488,51429.06,208
BIZ-002489,87355.06,216
BIZ-002490,21976.96,86
BIZ-002491,49777.39,150
BIZ-002492,10918.71,104
BIZ-002493,47380.0,57
BIZ-002494,10280.54,50
BIZ-002495,65555.99,92
BIZ-002496,200915.74,133
BIZ-002497,19495.05,30
BIZ-002498,2458.87,168
BIZ-002499,12732.68,110
BIZ-002500,75499.03,211
BIZ-002501,38295.08,67
BIZ-002502,28251.83,13
BIZ-002503,60395.41,75
BIZ-002504,35755.29,233
BIZ-002505,74438.25,77
BIZ-002506,55238.95,169
BIZ-002507,100881.36,202
BIZ-002508,31533.2,68
BIZ-002509,54462.05,154
BIZ-002510,16201.72,49
BIZ-002511,12070.73,87
BIZ-002512,121390.47,71
BIZ-002513,27342.69,161
BIZ-002514,49260.64,210
BIZ-002515,24927.83,61
BIZ-002516,12252.49,70
BIZ-002517,22269.71,197
BIZ-002518,92595.33,111
BIZ-002519,38378.02,123
BIZ-002520,3977.97,169
BIZ-002521,17760.92,33
BIZ-002522,130913.72,209
BIZ-002523,17786.64,88
BIZ-002524,3639.21,158
BIZ-002525,146246.51,104
BIZ-002526,43581.7,180
BIZ-002527,20537.08,147
BIZ-002528,15192.88,42
BIZ-002529,65013.61,45
BIZ-002530,12810.45,210
BIZ-002531,69442.64,125
BIZ-002532,37880.63,66
BIZ-002533,28132.53,35
BIZ-002534,25476.58,31
BIZ-002535,18490.86,220
BIZ-002536,62670.12,234
BIZ-002537,9271.1,95
BIZ-002538,4350.63,49
BIZ-002539,40718.59,101
BIZ-002540,41408.37,33
BIZ-002541,35604.99,132
BIZ-002542,33114.56,150
BIZ-002543,15985.86,236
BIZ-002544,48411.02,77
BIZ-002545,21045.5,48
BIZ-002546,13533.0,32
BIZ-002547,16124.72,91
BIZ-002548,166148.91,144
BIZ-002549,3885.57,16
BIZ-002550,36307.81,182
BIZ-002551,4108.81,110
BIZ-002552,19766.95,190
BIZ-002553,14276.53,111
BIZ-002554,2737.97,38
BIZ-002555,32501.37,6
BIZ-002556,15062.48,134
BIZ-002557,2699.42,129
BIZ-002558,50999.35,195
BIZ-002559,92503.91,210
BIZ-002560,97745.69,39
BIZ-002561,31538.25,76
BIZ-002562,23064.69,50
BIZ-002563,83129.64,26
BIZ-002564,118466.27,1
BIZ-002565,68430.14,20
BIZ-002566,8590.93,126
BIZ-002567,26939.39,37
BIZ-002568,34184.11,47
BIZ-002569,3606.1,29
BIZ-002570,35219.69,174
BIZ-002571,213841.81,152
BIZ-002572,41770.1,230
BIZ-002573,96125.81,27
BIZ-002574,26447.44,50
BIZ-002575,20471.35,109
BIZ-002576,32249.94,156
BIZ-002577,9741.72,32
BIZ-002578,8402.0,51
BIZ-002579,78143.69,101
BIZ-002580,86885.14,5
BIZ-002581,8175.47,95
BIZ-002582,57988.43,182
BIZ-002583,20191.96,126
BIZ-002584,30940.11,104
BIZ-002585,34899.18,117
BIZ-002586,59536.83,227
BIZ-002587,23925.93,125
BIZ-002588,90234.04,128
BIZ-002589,30013.81,223
BIZ-002590,41117.3,38
BIZ-002591,9573.34,23
BIZ-002592,190738.57,108
BIZ-002593,35236.05,77
BIZ-002594,44936.13,49
BIZ-002595,4410.81,29
BIZ-002596,9674.98,210
BIZ-002597,75954.04,147
BIZ-002598,29345.4,166
BIZ-002599,3249.38,29
BIZ-002600,62211.18,82
BIZ-002601,12787.42,149
BIZ-002602,90338.32,127
BIZ-002603,20174.29,167
BIZ-002604,27030.11,161
BIZ-002605,71607.46,99
BIZ-002606,8977.77,188
BIZ-002607,8161.25,63
BIZ-002608,18097.0,20
BIZ-002609,50371.1,219
BIZ-002610,5820.39,6
BIZ-002611,4154.57,68
BIZ-002612,50197.52,28
BIZ-002613,12052.43,56
BIZ-002614,14880.01,95
BIZ-002615,3439.87,31
BIZ-002616,11170.38,112
BIZ-002617,21860.41,222
BIZ-002618,55847.38,33
BIZ-002619,10186.0,222
BIZ-002620,115540.47,99
BIZ-002621,11108.26,142
BIZ-002622,11124.53,106
BIZ-002623,102473.3,76
BIZ-002624,27213.27,27
BIZ-002625,12682.46,142
BIZ-002626,18861.29,220
BIZ-002627,85227.0,125
BIZ-002628,95435.21,144
BIZ-002629,9732.31,154
BIZ-002630,21111.35,93
BIZ-002631,24104.57,29
BIZ-002632,8215.35,122
BIZ-002633,20833.45,208
BIZ-002634,22144.02,76
BIZ-002635,68886.09,209
BIZ-002636,73675.46,205
BIZ-002637,15847.87,59
BIZ-002638,17783.86,138
BIZ-002639,42799.95,179
BIZ-002640,12268.76,119
BIZ-002641,39681.49,168
BIZ-002642,20172.86,218
BIZ-002643,8354.88,150
BIZ-002644,8460.5,201
BIZ-002645,93625.56,192
BIZ-002646,18837.0,195
BIZ-002647,113590.38,204
BIZ-002648,13178.79,54
BIZ-002649,29472.27,5
BIZ-002650,241030.01,37
BIZ-002651,7651.17,60
BIZ-002652,3301.68,165
BIZ-002653,79745.06,122
BIZ-002654,9635.32,113
BIZ-002655,21575.07,3
BIZ-002656,12259.81,164
BIZ-002657,28800.92,88
BIZ-002658,8513.97,182
BIZ-002659,18399.15,27
BIZ-002660,34538.0,71
BIZ-002661,8036.04,14
BIZ-002662,10937.1,69
BIZ-002663,15562.46,221
BIZ-002664,5277.38,118
BIZ-002665,14435.4,106
BIZ-002666,24804.9,66
BIZ-002667,14771.44,64
BIZ-002668,16791.42,160
BIZ-002669,21592.44,236
BIZ-002670,11432.97,179
BIZ-002671,43961.19,177
BIZ-002672,92593.86,113
BIZ-002673,13844.17,24
BIZ-002674,35781.93,173
BIZ-002675,17333.27,194
BIZ-002676,31744.9,122
BIZ-002677,105427.58,22
BIZ-002678,36631.34,171
BIZ-002679,3739.04,221
BIZ-002680,34682.68,54
BIZ-002681,75573.71,39
BIZ-002682,17648.46,177
BIZ-002683,59613.35,80
BIZ-002684,11046.67,171
BIZ-002685,4986.36,169
BIZ-002686,25366.1,64
BIZ-002687,3802.92,11
BIZ-002688,17330.6,133
BIZ-002689,79765.17,98
BIZ-002690,3262.46,205
BIZ-002691,6127.26,86
BIZ-002692,7847.64,60
BIZ-002693,20674.99,206
BIZ-002694,15279.74,176
BIZ-002695,89244.62,148
BIZ-002696,57202.24,228
BIZ-002697,36144.24,188
BIZ-002698,25479.52,208
BIZ-002699,32637.91,191
BIZ-002700,9302.31,96
BIZ-002701,51907.07,15
BIZ-002702,7244.2,146
BIZ-002703,50786.05,183
BIZ-002704,72124.03,238
BIZ-002705,27197.07,163
BIZ-002706,18467.86,136
BIZ-002707,32869.81,138
BIZ-002708,1259.51,28
BIZ-002709,29799.84,2
BIZ-002710,19665.99,11
BIZ-002711,20939.07,217
BIZ-002712,44646.56,189
BIZ-002713,20439.63,63
BIZ-002714,7043.03,102
BIZ-002715,19122.05,116
BIZ-002716,23565.89,59
BIZ-002717,24709.27,102
BIZ-002718,25897.96,84
BIZ-002719,62278.34,167
BIZ-002720,7435.09,182
BIZ-002721,26257.33,24
BIZ-002722,80011.82,112
BIZ-002723,3886.98,237
BIZ-002724,26361.15,208
BIZ-002725,12266.43,190
BIZ-002726,15203.63,176
BIZ-002727,8912.34,2
BIZ-002728,18591.31,233
BIZ-002729,138864.74,176
BIZ-002730,6220.28,213
BIZ-002731,6838.95,218
BIZ-002732,5991.31,61
BIZ-002733,123923.32,4
BIZ-002734,13872.45,158
BIZ-002735,21468.91,110
BIZ-002736,14723.75,5
BIZ-002737,8566.18,65
BIZ-002738,17410.86,237
BIZ-002739,257363.2,87
BIZ-002740,88616.28,63
BIZ-002741,9386.82,157
BIZ-002742,42090.36,159
BIZ-002743,9590.01,80
BIZ-002744,3728.02,203
BIZ-002745,61053.81,139
BIZ-002746,70269.48,39
BIZ-002747,62695.96,78
BIZ-002748,13768.45,203
BIZ-002749,18642.97,22
BIZ-002750,46619.1,3
BIZ-002751,32581.37,157
BIZ-002752,14859.02,106
BIZ-002753,4363.06,61
BIZ-002754,24683.13,113
BIZ-002755,64796.68,44
BIZ-002756,6650.26,90
BIZ-002757,41720.98,56
BIZ-002758,30685.38,141
BIZ-002759,46636.94,161
BIZ-002760,52679.18,219
BIZ-002761,10998.73,17
BIZ-002762,4372.28,79
BIZ-002763,12919.34,64
BIZ-002764,53590.51,139
BIZ-002765,12810.19,128
BIZ-002766,11003.37,210
BIZ-002767,3564.04,220
BIZ-002768,127089.59,185
BIZ-002769,50297.65,48
BIZ-002770,47567.07,10
BIZ-002771,57972.58,215
BIZ-002772,39210.83,226
BIZ-002773,17251.79,60
BIZ-002774,18699.2,12
BIZ-002775,14363.36,163
BIZ-002776,307042.29,141
BIZ-002777,38403.81,213
BIZ-002778,13852.2,138
BIZ-002779,35083.87,182
BIZ-002780,8015.49,188
BIZ-002781,99161.66,3
BIZ-002782,11372.24,36
BIZ-002783,36354.94,187
BIZ-002784,63957.73,43
BIZ-002785,32362.92,50
BIZ-002786,24208.76,180
BIZ-002787,22265.69,49
BIZ-002788,20817.7,36
BIZ-002789,12373.37,4
BIZ-002790,14051.95,113
BIZ-002791,96721.44,153
BIZ-002792,19760.96,175
BIZ-002793,10038.71,217
BIZ-002794,13143.76,156
BIZ-002795,66195.69,181
BIZ-002796,43286.96,51
BIZ-002797,38573.82,82
BIZ-002798,17025.69,73
BIZ-002799,39079.86,16
BIZ-002800,11573.1,232
BIZ-002801,16990.1,58
BIZ-002802,58093.23,108
BIZ-002803,52800.59,86
BIZ-002804,8251.0,11
BIZ-002805,9362.56,216
BIZ-002806,24555.77,53
BIZ-002807,123764.07,25
BIZ-002808,3243.59,82
BIZ-002809,29095.33,35
BIZ-002810,5563.36,239
BIZ-002811,11680.42,46
BIZ-002812,15299.44,73
BIZ-002813,14465.06,65
BIZ-002814,12915.77,7
BIZ-002815,22185.79,4
BIZ-002816,12896.93,123
BIZ-002817,5102.79,56
BIZ-002818,48043.86,20
BIZ-002819,46764.15,70
BIZ-002820,51183.59,66
BIZ-002821,4718.59,102
BIZ-002822,29700.47,238
BIZ-002823,43303.07,74
BIZ-002824,7854.15,169
BIZ-002825,22229.45,184
BIZ-002826,19608.79,13
BIZ-002827,138989.08,120
BIZ-002828,150918.62,108
BIZ-002829,4169.88,122
BIZ-002830,266712.61,42
BIZ-002831,8819.97,112
BIZ-002832,58728.08,30
BIZ-002833,58133.54,227
BIZ-002834,8138.08,141
BIZ-002835,36071.84,9
BIZ-002836,19780.78,121
BIZ-002837,38343.11,222
BIZ-002838,27741.15,178
BIZ-002839,72863.24,66
BIZ-002840,23751.47,214
BIZ-002841,18622.5,45
BIZ-002842,65911.24,59
BIZ-002843,39355.69,38
BIZ-002844,45789.65,221
BIZ-002845,11332.31,172
BIZ-002846,7744.49,124
BIZ-002847,12484.93,160
BIZ-002848,11839.29,62
BIZ-002849,48348.93,17
BIZ-002850,58453.34,203
BIZ-002851,18861.34,231
BIZ-002852,92126.6,9
BIZ-002853,86549.29,13
BIZ-002854,28096.46,134
BIZ-002855,9682.82,11
BIZ-002856,106444.25,173
BIZ-002857,20722.65,226
BIZ-002858,24988.36,67
BIZ-002859,15683.98,71
BIZ-002860,9047.19,207
BIZ-002861,5071.34,86
BIZ-002862,41475.92,58
BIZ-002863,10062.78,21
BIZ-002864,469550.55,201
BIZ-002865,7434.8,222
BIZ-002866,6264.27,19
BIZ-002867,36685.57,192
BIZ-002868,101652.3,39
BIZ-002869,23496.1,34
BIZ-002870,39036.11,92
BIZ-002871,3485.8,105
BIZ-002872,11186.79,205
BIZ-002873,7528.0,168
BIZ-002874,3310.83,35
BIZ-002875,24759.89,140
BIZ-002876,2338.28,210
BIZ-002877,5871.14,159
BIZ-002878,12871.96,55
BIZ-002879,9592.28,31
BIZ-002880,32741.82,109
BIZ-002881,29899.0,113
BIZ-002882,53841.44,85
BIZ-002883,46741.31,27
BIZ-002884,68927.66,29
BIZ-002885,21984.25,127
BIZ-002886,29835.88,226
BIZ-002887,36736.04,143
BIZ-002888,25378.48,105
BIZ-002889,14806.27,223
BIZ-002890,15796.72,165
BIZ-002891,9724.87,172
BIZ-002892,33577.68,138
BIZ-002893,20050.01,183
BIZ-002894,11348.33,120
BIZ-002895,11358.88,149
BIZ-002896,6565.61,148
BIZ-002897,58620.59,180
BIZ-002898,23828.02,215
BIZ-002899,9294.7,71
BIZ-002900,49441.61,168
BIZ-002901,12576.07,8
BIZ-002902,5396.46,128
BIZ-002903,61158.39,215
BIZ-002904,12873.2,155
BIZ-002905,14633.97,64
BIZ-002906,22952.45,145
BIZ-002907,69050.21,86
BIZ-002908,22472.27,104
BIZ-002909,6640.1,55
BIZ-002910,37944.39,150
BIZ-002911,13561.77,48
BIZ-002912,145498.92,107
BIZ-002913,22001.82,225
BIZ-002914,2356.57,182
BIZ-002915,31488.1,100
BIZ-002916,153983.05,232
BIZ-002917,106502.13,4
BIZ-002918,137441.59,230
BIZ-002919,7944.54,85
BIZ-002920,54838.75,197
BIZ-002921,10700.07,227
BIZ-002922,27564.65,144
BIZ-002923,6167.49,146
BIZ-002924,11562.75,180
BIZ-002925,11200.94,58
BIZ-002926,54098.15,43
BIZ-002927,49056.07,83
BIZ-002928,29051.34,115
BIZ-002929,5707.74,178
BIZ-002930,16128.78,62
BIZ-002931,10445.05,135
BIZ-002932,52558.17,1
BIZ-002933,71552.37,8
BIZ-002934,63347.17,232
BIZ-002935,10350.4,204
BIZ-002936,1422.92,207
BIZ-002937,3763.25,79
BIZ-002938,91274.52,123
BIZ-002939,14746.26,162
BIZ-002940,10397.03,61
BIZ-002941,113852.64,178
BIZ-002942,78054.29,166
BIZ-002943,22571.62,98
BIZ-002944,16425.61,104
BIZ-002945,19300.74,74
BIZ-002946,27643.97,193
BIZ-002947,109102.96,236
BIZ-002948,33606.25,239
BIZ-002949,45525.55,185
BIZ-002950,70917.33,84
BIZ-002951,6838.5,187
BIZ-002952,46857.29,59
BIZ-002953,16406.47,215
BIZ-002954,1779.17,64
BIZ-002955,2622.36,97
BIZ-002956,7957.6,23
BIZ-002957,37467.28,20
BIZ-002958,24681.26,95
BIZ-002959,26485.87,132
BIZ-002960,154963.28,5
BIZ-002961,6191.36,203
BIZ-002962,21430.42,28
BIZ-002963,29864.79,239
BIZ-002964,10548.37,65
BIZ-002965,22659.32,91
BIZ-002966,4447.29,39
BIZ-002967,90210.96,198
BIZ-002968,11140.98,175
BIZ-002969,167946.4,19
BIZ-002970,21322.66,26
BIZ-002971,61577.61,146
BIZ-002972,20883.13,207
BIZ-002973,21359.59,27
BIZ-002974,12282.99,53
BIZ-002975,24813.02,131
BIZ-002976,30272.61,26
BIZ-002977,10054.16,73
BIZ-002978,19437.42,3
BIZ-002979,11966.92,120
BIZ-002980,219622.2,171
BIZ-002981,20136.09,99
BIZ-002982,103283.42,62
BIZ-002983,18112.86,102
BIZ-002984,28546.44,122
BIZ-002985,5876.03,40
BIZ-002986,14085.87,27
BIZ-002987,27188.1,44
BIZ-002988,107581.48,236
BIZ-002989,27501.14,173
BIZ-002990,87879.37,30
BIZ-002991,41803.24,73
BIZ-002992,112128.56,99
BIZ-002993,20763.62,44
BIZ-002994,240439.24,204
BIZ-002995,13556.26,225
BIZ-002996,10234.69,59
BIZ-002997,6567.89,4
BIZ-002998,226618.82,64
BIZ-002999,49983.47,140
BIZ-003000,15770.23,194
BIZ-003001,76804.82,82
BIZ-003002,43813.28,66
BIZ-003003,157334.2,60
BIZ-003004,4685.22,1
BIZ-003005,16892.75,4
BIZ-003006,13869.93,103
BIZ-003007,3060.45,148
BIZ-003008,63597.36,3
BIZ-003009,16807.89,48
BIZ-003010,46149.03,218
BIZ-003011,233228.03,237
BIZ-003012,15471.52,154
BIZ-003013,14455.74,125
BIZ-003014,24801.62,140
BIZ-003015,59115.44,89
BIZ-003016,12497.54,49
BIZ-003017,11719.84,90
BIZ-003018,63398.11,168
BIZ-003019,32165.17,159
BIZ-003020,2850.56,162
BIZ-003021,6467.91,146
BIZ-003022,98837.85,15
BIZ-003023,32923.05,150
BIZ-003024,10278.44,211
BIZ-003025,18575.34,156
BIZ-003026,22319.96,139
BIZ-003027,45969.5,54
BIZ-003028,5663.16,190
BIZ-003029,9500.04,108
BIZ-003030,28939.3,63
BIZ-003031,19933.67,118
BIZ-003032,39021.15,30
BIZ-003033,6441.34,222
BIZ-003034,31480.66,168
BIZ-003035,65616.58,79
BIZ-003036,35839.95,190
BIZ-003037,25313.97,13
BIZ-003038,20012.58,93
BIZ-003039,9558.14,156
BIZ-003040,20496.34,6
BIZ-003041,77629.74,170
BIZ-003042,19554.71,196
BIZ-003043,9047.07,142
BIZ-003044,13463.71,50
BIZ-003045,26926.07,180
BIZ-003046,15161.07,82
BIZ-003047,35785.69,176
BIZ-003048,37154.63,151
BIZ-003049,53582.79,23
BIZ-003050,91451.08,24
BIZ-003051,59626.7,4
BIZ-003052,8653.86,18
BIZ-003053,8923.7,72
BIZ-003054,20419.15,7
BIZ-003055,14028.2,225
BIZ-003056,7056.28,220
BIZ-003057,14161.87,42
BIZ-003058,13704.6,75
BIZ-003059,11250.32,178
BIZ-003060,16061.98,158
BIZ-003061,71571.4,140
BIZ-003062,26882.69,237
BIZ-003063,260878.24,151
BIZ-003064,26121.35,160
BIZ-003065,16480.52,120
BIZ-003066,22117.69,126
BIZ-003067,28466.75,70
BIZ-003068,34038.72,125
BIZ-003069,175731.29,220
BIZ-003070,9458.6,91
BIZ-003071,52002.45,32
BIZ-003072,27112.51,144
BIZ-003073,4577.47,188
BIZ-003074,47605.27,230
BIZ-003075,78246.83,130
BIZ-003076,9347.12,189
BIZ-003077,21830.56,60
BIZ-003078,3923.13,102
BIZ-003079,6255.36,101
BIZ-003080,62820.05,80
BIZ-003081,13816.01,172
BIZ-003082,7267.71,212
BIZ-003083,27707.55,79
BIZ-003084,13063.63,33
BIZ-003085,13755.28,198
BIZ-003086,46134.95,204
BIZ-003087,6893.03,224
BIZ-003088,8907.37,61
BIZ-003089,25695.73,172
BIZ-003090,58070.31,172
BIZ-003091,75975.05,189
BIZ-003092,11326.93,193
BIZ-003093,56239.63,228
BIZ-003094,10055.33,115
BIZ-003095,136790.98,19
BIZ-003096,7088.5,46
BIZ-003097,83156.43,212
BIZ-003098,11424.48,202
BIZ-003099,164925.06,3
BIZ-003100,39788.0,88
BIZ-003101,7974.33,59
BIZ-003102,13065.91,77
BIZ-003103,48106.91,153
BIZ-003104,63110.62,122
BIZ-003105,20522.65,115
BIZ-003106,23032.42,104
BIZ-003107,47021.16,154
BIZ-003108,25129.52,164
BIZ-003109,6042.03,11
BIZ-003110,9769.55,33
BIZ-003111,27864.81,82
BIZ-003112,74271.49,105
BIZ-003113,110855.45,239
BIZ-003114,48027.52,214
BIZ-003115,29357.13,156
BIZ-003116,46574.75,9
BIZ-003117,11307.81,25
BIZ-003118,18897.2,110
BIZ-003119,9661.16,141
BIZ-003120,6318.63,158
BIZ-003121,30747.04,34
BIZ-003122,26516.26,213
BIZ-003123,43811.54,118
BIZ-003124,38029.29,142
BIZ-003125,28075.27,10
BIZ-003126,38430.88,198
BIZ-003127,21106.09,130
BIZ-003128,33285.97,54
BIZ-003129,10655.76,77
BIZ-003130,31879.1,85
BIZ-003131,42976.88,7
BIZ-003132,11274.72,226
BIZ-003133,23198.25,192
BIZ-003134,11806.41,212
BIZ-003135,13010.26,85
BIZ-003136,7151.45,134
BIZ-003137,78102.31,110
BIZ-003138,63939.03,114
BIZ-003139,37700.7,141
BIZ-003140,158291.88,108
BIZ-003141,18228.73,185
BIZ-003142,456691.06,15
BIZ-003143,17544.06,47
BIZ-003144,28429.81,214
BIZ-003145,14797.63,211
BIZ-003146,31962.72,196
BIZ-003147,50798.14,89
BIZ-003148,19654.93,110
BIZ-003149,130186.05,7
BIZ-003150,27977.32,67
BIZ-003151,28867.9,174
BIZ-003152,8875.08,82
BIZ-003153,33473.16,115
BIZ-003154,19263.6,30
BIZ-003155,11989.18,119
BIZ-003156,10132.73,173
BIZ-003157,318622.85,137
BIZ-003158,16924.59,134
BIZ-003159,5130.79,219
BIZ-003160,10957.49,56
BIZ-003161,20919.4,72
BIZ-003162,38050.41,149
BIZ-003163,38361.0,115
BIZ-003164,43330.61,235
BIZ-003165,11558.08,15
BIZ-003166,30959.66,30
BIZ-003167,9172.27,82
BIZ-003168,11853.25,110
BIZ-003169,8798.1,213
BIZ-003170,6711.72,119
BIZ-003171,63844.74,105
BIZ-003172,43853.58,40
BIZ-003173,58493.18,104
BIZ-003174,22909.64,128
BIZ-003175,47896.98,140
BIZ-003176,3784.66,145
BIZ-003177,52213.04,103
BIZ-003178,26294.63,38
BIZ-003179,41237.76,37
BIZ-003180,32209.71,37
BIZ-003181,8208.66,148
BIZ-003182,4924.41,205
BIZ-003183,10806.96,212
BIZ-003184,38751.21,75
BIZ-003185,43918.52,20
BIZ-003186,5608.61,151
BIZ-003187,8257.69,10
BIZ-003188,10686.8,150
BIZ-003189,15408.81,92
BIZ-003190,5641.75,201
BIZ-003191,5313.19,150
BIZ-003192,9683.36,177
BIZ-003193,24010.68,97
BIZ-003194,6764.24,201
BIZ-003195,19617.88,126
BIZ-003196,63484.61,150
BIZ-003197,5992.24,87
BIZ-003198,17917.88,108
BIZ-003199,61374.93,201
BIZ-003200,14497.5,95
BIZ-003201,12410.9,6
BIZ-003202,70509.01,91
BIZ-003203,16216.72,94
BIZ-003204,66469.27,100
BIZ-003205,33825.34,17
BIZ-003206,15633.25,31
BIZ-003207,35585.39,78
BIZ-003208,30346.9,102
BIZ-003209,61137.63,7
BIZ-003210,12729.21,94
BIZ-003211,22953.05,77
BIZ-003212,20712.33,9
BIZ-003213,44540.23,60
BIZ-003214,7901.6,66
BIZ-003215,60899.31,35
BIZ-003216,35113.07,180
BIZ-003217,5902.17,18
BIZ-003218,73737.21,139
BIZ-003219,205683.34,160
BIZ-003220,59984.05,193
BIZ-003221,91764.86,131
BIZ-003222,23989.5,130
BIZ-003223,4181.79,182
BIZ-003224,3483.8,205
BIZ-003225,28426.64,51
BIZ-003226,12185.73,191
BIZ-003227,8825.7,111
BIZ-003228,20686.85,24
BIZ-003229,40765.25,147
BIZ-003230,5152.53,234
BIZ-003231,14060.47,34
BIZ-003232,99694.99,4
BIZ-003233,7515.42,220
BIZ-003234,52562.66,143
BIZ-003235,13565.29,53
BIZ-003236,38017.19,190
BIZ-003237,65994.55,95
BIZ-003238,46225.26,80
BIZ-003239,54674.88,70
BIZ-003240,6963.28,144
BIZ-003241,67081.24,33
BIZ-003242,9389.12,87
BIZ-003243,28553.7,73
BIZ-003244,28516.73,15
BIZ-003245,35779.22,183
BIZ-003246,30851.99,3
BIZ-003247,9472.9,230
BIZ-003248,5710.9,23
BIZ-003249,52698.84,86
BIZ-003250,26524.78,24
BIZ-003251,69520.49,88
BIZ-003252,21062.87,147
BIZ-003253,5403.68,21
BIZ-003254,57880.14,126
BIZ-003255,15208.8,185
BIZ-003256,31008.09,109
BIZ-003257,11528.07,27
BIZ-003258,114039.68,166
BIZ-003259,9167.64,45
BIZ-003260,15718.13,5
BIZ-003261,24525.01,105
BIZ-003262,7389.52,65
BIZ-003263,30654.03,7
BIZ-003264,110404.98,186
BIZ-003265,13487.76,144
BIZ-003266,32700.41,218
BIZ-003267,1408.9,115
BIZ-003268,21185.47,105
BIZ-003269,16106.17,202
BIZ-003270,9715.74,20
BIZ-003271,64955.03,87
BIZ-003272,15894.94,191
BIZ-003273,18444.52,70
BIZ-003274,15105.39,212
BIZ-003275,3239.53,68
BIZ-003276,7101.16,99
BIZ-003277,57589.38,215
BIZ-003278,2670.58,59
BIZ-003279,10236.19,232
BIZ-003280,14768.92,11
BIZ-003281,125947.68,64
BIZ-003282,47505.64,142
BIZ-003283,12617.37,142
BIZ-003284,81187.27,218
BIZ-003285,10503.71,230
BIZ-003286,60421.47,163
BIZ-003287,5659.68,158
BIZ-003288,64425.05,76
BIZ-003289,14674.5,193
BIZ-003290,7875.37,154
BIZ-003291,17727.22,6
BIZ-003292,29066.58,199
BIZ-003293,13430.07,86
BIZ-003294,38328.67,114
BIZ-003295,12295.72,117
BIZ-003296,40960.87,196
BIZ-003297,34276.73,65
BIZ-003298,20724.61,94
BIZ-003299,14166.25,10
BIZ-003300,25630.56,84
BIZ-003301,38187.13,22
BIZ-003302,173130.19,140
BIZ-003303,56354.67,214
BIZ-003304,58453.68,112
BIZ-003305,483357.68,218
BIZ-003306,36899.69,234
BIZ-003307,35762.08,13
BIZ-003308,44534.31,124
BIZ-003309,8030.76,127
BIZ-003310,14130.61,93
BIZ-003311,13277.56,199
BIZ-003312,42092.04,95
BIZ-003313,18505.54,14
BIZ-003314,25291.49,131
BIZ-003315,65346.2,49
BIZ-003316,52216.34,85
BIZ-003317,18737.44,120
BIZ-003318,11271.19,173
BIZ-003319,68546.99,67
BIZ-003320,47757.49,91
BIZ-003321,4419.33,17
BIZ-003322,16104.37,92
BIZ-003323,25991.26,139
BIZ-003324,47993.92,148
BIZ-003325,54726.4,71
BIZ-003326,29257.93,15
BIZ-003327,39547.1,138
BIZ-003328,23485.46,157
BIZ-003329,11227.8,21
BIZ-003330,16962.08,121
BIZ-003331,22448.77,23
BIZ-003332,21275.7,109
BIZ-003333,3342.34,154
BIZ-003334,14801.99,172
BIZ-003335,23299.93,171
BIZ-003336,16624.45,182
BIZ-003337,17208.8,58
BIZ-003338,35882.01,203
BIZ-003339,7487.89,84
BIZ-003340,4324.09,90
BIZ-003341,15550.22,189
BIZ-003342,47292.85,79
BIZ-003343,119080.26,18
BIZ-003344,48152.5,171
BIZ-003345,5073.25,159
BIZ-003346,17459.39,140
BIZ-003347,28470.8,35
BIZ-003348,26307.02,152
BIZ-003349,37771.29,48
BIZ-003350,8803.91,133
BIZ-003351,23504.4,122
BIZ-003352,33534.26,185
BIZ-003353,50295.5,234
BIZ-003354,9840.7,46
BIZ-003355,15597.14,28
BIZ-003356,1474.66,133
BIZ-003357,11831.7,228
BIZ-003358,13037.5,38
BIZ-003359,7945.93,117
BIZ-003360,25993.77,98
BIZ-003361,20828.02,77
BIZ-003362,2300.28,159
BIZ-003363,27323.65,71
BIZ-003364,8705.2,118
BIZ-003365,35799.49,203
BIZ-003366,6112.85,91
BIZ-003367,22697.42,6
BIZ-003368,16594.67,212
BIZ-003369,29824.99,66
BIZ-003370,24951.7,185
BIZ-003371,17065.87,183
BIZ-003372,4739.69,126
BIZ-003373,5028.07,21
BIZ-003374,12284.74,228
BIZ-003375,21844.84,163
BIZ-003376,11989.09,102
BIZ-003377,41159.58,205
BIZ-003378,16660.22,189
BIZ-003379,8391.61,182
BIZ-003380,16678.97,41
BIZ-003381,27607.97,152
BIZ-003382,30481.79,69
BIZ-003383,144116.77,19
BIZ-003384,11283.43,81
BIZ-003385,20466.02,25
BIZ-003386,33729.36,26
BIZ-003387,21516.54,174
BIZ-003388,13351.47,120
BIZ-003389,4678.55,96
BIZ-003390,13215.76,46
BIZ-003391,7527.34,185
BIZ-003392,3918.22,152
BIZ-003393,9939.99,140
BIZ-003394,7730.34,46
BIZ-003395,39489.36,30
BIZ-003396,40178.68,30
BIZ-003397,8920.62,6
BIZ-003398,16979.66,232
BIZ-003399,3434.95,88
BIZ-003400,13435.56,158
BIZ-003401,32826.19,235
BIZ-003402,50258.65,224
BIZ-003403,10796.24,77
BIZ-003404,63060.82,118
BIZ-003405,4838.25,111
BIZ-003406,6325.68,8
BIZ-003407,44786.49,184
BIZ-003408,117139.55,138
BIZ-003409,36077.76,89
BIZ-003410,21155.55,134
BIZ-003411,2452.38,176
BIZ-003412,2914.79,4
BIZ-003413,25069.56,155
BIZ-003414,15397.14,206
BIZ-003415,7289.31,174
BIZ-003416,23518.26,149
BIZ-003417,24714.15,22
BIZ-003418,56636.89,178
BIZ-003419,25250.53,180
BIZ-003420,75236.7,119
BIZ-003421,22203.25,140
BIZ-003422,19627.07,148
BIZ-003423,63851.3,29
BIZ-003424,8279.68,62
BIZ-003425,367488.55,190
BIZ-003426,32056.57,233
BIZ-003427,32235.68,65
BIZ-003428,37238.41,96
BIZ-003429,143937.79,219
BIZ-003430,48654.88,39
BIZ-003431,4424.64,63
BIZ-003432,89632.24,14
BIZ-003433,15663.73,57
BIZ-003434,24517.81,153
BIZ-003435,6128.75,84
BIZ-003436,37279.62,236
BIZ-003437,11483.03,214
BIZ-003438,24347.14,215
BIZ-003439,16579.15,174
BIZ-003440,150996.63,168
BIZ-003441,159893.03,122
BIZ-003442,23075.19,237
BIZ-003443,23481.72,23
BIZ-003444,15162.14,173
BIZ-003445,66569.8,34
BIZ-003446,15852.46,82
BIZ-003447,14453.08,62
BIZ-003448,58606.03,144
BIZ-003449,12857.74,189
BIZ-003450,21210.36,20
BIZ-003451,4530.96,144
BIZ-003452,44542.11,53
BIZ-003453,153409.63,19
BIZ-003454,45307.39,100
BIZ-003455,95015.87,139
BIZ-003456,9451.21,49
BIZ-003457,27898.39,94
BIZ-003458,8577.01,228
BIZ-003459,17539.92,83
BIZ-003460,47677.34,238
BIZ-003461,24387.37,200
BIZ-003462,5363.43,89
BIZ-003463,5913.37,138
BIZ-003464,5534.94,170
BIZ-003465,36006.42,112
BIZ-003466,173493.35,98
BIZ-003467,86030.59,79
BIZ-003468,3307.72,34
BIZ-003469,91224.24,6
BIZ-003470,56184.74,81
BIZ-003471,4697.1,191
BIZ-003472,16265.45,56
BIZ-003473,65875.54,43
BIZ-003474,38193.99,79
BIZ-003475,5948.56,144
BIZ-003476,40568.3,52
BIZ-003477,2598.01,53
BIZ-003478,17626.84,27
BIZ-003479,68731.08,80
BIZ-003480,22435.37,52
BIZ-003481,13373.93,199
BIZ-003482,53602.25,217
BIZ-003483,58381.35,89
BIZ-003484,81637.15,21
BIZ-003485,52804.01,21
BIZ-003486,64950.12,78
BIZ-003487,45839.83,111
BIZ-003488,28725.16,127
BIZ-003489,24088.96,73
BIZ-003490,17374.18,85
BIZ-003491,6552.7,68
BIZ-003492,8473.41,124
BIZ-003493,16613.74,167
BIZ-003494,28041.82,11
BIZ-003495,93042.59,115
BIZ-003496,21124.8,156
BIZ-003497,60082.64,161
BIZ-003498,64816.51,135
BIZ-003499,17475.47,126
BIZ-003500,39922.29,163
BIZ-003501,17265.61,91
BIZ-003502,82630.64,136
BIZ-003503,41599.5,77
BIZ-003504,6697.68,105
BIZ-003505,25887.74,30
BIZ-003506,114475.05,84
BIZ-003507,18375.42,34
BIZ-003508,34465.53,55
BIZ-003509,38020.43,101
BIZ-003510,7811.69,120
BIZ-003511,36706.46,226
BIZ-003512,5465.25,7
BIZ-003513,11782.56,215
BIZ-003514,64584.06,79
BIZ-003515,31468.94,174
BIZ-003516,16244.7,163
BIZ-003517,34422.34,233
BIZ-003518,20741.83,26
BIZ-003519,22305.28,232
BIZ-003520,42481.27,16
BIZ-003521,10642.73,210
BIZ-003522,22933.1,156
BIZ-003523,16118.64,116
BIZ-003524,4511.55,96
BIZ-003525,8773.97,23
BIZ-003526,105683.75,192
BIZ-003527,32361.45,174
BIZ-003528,5862.97,225
BIZ-003529,4720.38,175
BIZ-003530,19689.41,229
BIZ-003531,104944.46,212
BIZ-003532,18274.13,102
BIZ-003533,81389.34,169
BIZ-003534,31317.45,64
BIZ-003535,35286.31,191
BIZ-003536,5792.27,146
BIZ-003537,56247.84,106
BIZ-003538,15757.44,151
BIZ-003539,52213.3,67
BIZ-003540,9757.88,149
BIZ-003541,26292.77,114
BIZ-003542,31319.71,77
BIZ-003543,18882.04,234
BIZ-003544,33009.32,16
BIZ-003545,16875.24,182
BIZ-003546,11509.64,51
BIZ-003547,109697.67,54
BIZ-003548,62878.08,37
BIZ-003549,10292.13,25
BIZ-003550,38888.13,30
BIZ-003551,10481.02,200
BIZ-003552,6736.63,222
BIZ-003553,61933.06,140
BIZ-003554,4007.41,4
BIZ-003555,55651.03,207
BIZ-003556,17107.59,144
BIZ-003557,17826.71,125
BIZ-003558,33181.61,227
BIZ-003559,39387.3,98
BIZ-003560,9639.81,87
BIZ-003561,45149.1,187
BIZ-003562,24670.67,126
BIZ-003563,6272.59,172
BIZ-003564,18585.29,167
BIZ-003565,87665.09,201
BIZ-003566,117782.48,76
BIZ-003567,45132.07,18
BIZ-003568,6698.62,115
BIZ-003569,35975.98,155
BIZ-003570,51578.54,196
BIZ-003571,45510.94,64
BIZ-003572,48288.77,179
BIZ-003573,31674.37,199
BIZ-003574,20487.86,194
BIZ-003575,11987.65,194
BIZ-003576,3301.28,236
BIZ-003577,30934.95,159
BIZ-003578,26530.57,89
BIZ-003579,38467.76,105
BIZ-003580,5781.72,179
BIZ-003581,41982.86,57
BIZ-003582,171878.84,145
BIZ-003583,23824.03,137
BIZ-003584,20709.23,160
BIZ-003585,30001.49,101
BIZ-003586,168103.82,177
BIZ-003587,7913.71,18
BIZ-003588,26989.6,180
BIZ-003589,9900.52,195
BIZ-003590,12746.29,212
BIZ-003591,20960.81,221
BIZ-003592,84738.32,84
BIZ-003593,133384.42,12
BIZ-003594,34480.26,157
BIZ-003595,15114.43,22
BIZ-003596,266395.91,67
BIZ-003597,14363.5,168
BIZ-003598,12442.39,143
BIZ-003599,3733.33,145
BIZ-003600,88973.3,180
BIZ-003601,58002.74,40
BIZ-003602,247163.55,190
BIZ-003603,5488.86,141
BIZ-003604,94671.74,101
BIZ-003605,23626.77,111
BIZ-003606,49320.75,122
BIZ-003607,4239.59,132
BIZ-003608,95614.7,80
BIZ-003609,48364.28,54
BIZ-003610,21185.88,41
BIZ-003611,41986.89,82
BIZ-003612,10244.59,63
BIZ-003613,12339.49,124
BIZ-003614,13857.13,219
BIZ-003615,3453.94,26
BIZ-003616,52143.69,74
BIZ-003617,72518.26,12
BIZ-003618,10923.33,233
BIZ-003619,31200.92,168
BIZ-003620,16889.7,58
BIZ-003621,30585.27,100
BIZ-003622,11759.57,173
BIZ-003623,9104.96,229
BIZ-003624,63074.69,138
BIZ-003625,20663.61,65
BIZ-003626,166393.2,167
BIZ-003627,23070.5,164
BIZ-003628,8724.78,154
BIZ-003629,75127.42,11
BIZ-003630,41390.23,169
BIZ-003631,45563.98,5
BIZ-003632,72446.29,217
BIZ-003633,11466.71,211
BIZ-003634,19394.54,135
BIZ-003635,18556.03,155
BIZ-003636,6058.72,17
BIZ-003637,16922.68,209
BIZ-003638,83816.02,65
BIZ-003639,27926.69,63
BIZ-003640,5732.68,170
BIZ-003641,4647.85,225
BIZ-003642,116398.63,119
BIZ-003643,20124.25,122
BIZ-003644,11528.64,132
BIZ-003645,16747.57,70
BIZ-003646,5027.57,143
BIZ-003647,91408.63,230
BIZ-003648,14867.71,92
BIZ-003649,86456.92,185
BIZ-003650,23194.07,185
BIZ-003651,91998.91,204
BIZ-003652,28472.51,173
BIZ-003653,51701.01,221
BIZ-003654,45210.88,171
BIZ-003655,41080.59,234
BIZ-003656,31192.55,171
BIZ-003657,17450.95,201
BIZ-003658,149557.27,213
BIZ-003659,8893.38,236
BIZ-003660,22121.55,143
BIZ-003661,22356.8,170
BIZ-003662,32939.93,232
BIZ-003663,14335.97,91
BIZ-003664,30174.31,29
BIZ-003665,18604.47,212
BIZ-003666,4528.05,152
BIZ-003667,22237.88,103
BIZ-003668,7327.83,172
BIZ-003669,3887.86,8
BIZ-003670,25257.37,115
BIZ-003671,35878.14,64
BIZ-003672,37298.11,69
BIZ-003673,38838.63,232
BIZ-003674,3188.84,132
BIZ-003675,5647.58,34
BIZ-003676,158501.83,88
BIZ-003677,7729.44,58
BIZ-003678,40572.31,218
BIZ-003679,11081.83,70
BIZ-003680,23853.18,86
BIZ-003681,11693.0,80
BIZ-003682,38620.6,42
BIZ-003683,25254.87,187
BIZ-003684,14068.73,138
BIZ-003685,7706.57,105
BIZ-003686,28789.74,95
BIZ-003687,6550.4,160
BIZ-003688,33775.16,23
BIZ-003689,304517.83,223
BIZ-003690,84979.9,135
BIZ-003691,45177.2,55
BIZ-003692,20219.3,129
BIZ-003693,3169.24,204
BIZ-003694,5870.61,42
BIZ-003695,79442.82,126
BIZ-003696,9999.04,143
BIZ-003697,10946.2,194
BIZ-003698,18663.96,136
BIZ-003699,7615.6,177
BIZ-003700,6459.01,185
BIZ-003701,20942.29,213
BIZ-003702,9031.47,87
BIZ-003703,10498.43,169
BIZ-003704,10085.05,60
BIZ-003705,37136.67,202
BIZ-003706,17463.61,228
BIZ-003707,18424.34,71
BIZ-003708,40012.45,135
BIZ-003709,19109.87,197
BIZ-003710,16676.34,7
BIZ-003711,35258.09,169
BIZ-003712,42967.44,197
BIZ-003713,19013.92,209
BIZ-003714,23875.49,48
BIZ-003715,10079.0,181
BIZ-003716,9314.4,188
BIZ-003717,47531.48,1
BIZ-003718,34370.09,169
BIZ-003719,34727.89,150
BIZ-003720,29168.78,232
BIZ-003721,23068.04,11
BIZ-003722,44196.99,231
BIZ-003723,56112.21,137
BIZ-003724,54788.08,66
BIZ-003725,19914.87,93
BIZ-003726,88167.42,184
BIZ-003727,27679.87,239
BIZ-003728,41455.51,76
BIZ-003729,29204.79,236
BIZ-003730,28198.01,151
BIZ-003731,10553.87,46
BIZ-003732,44415.81,143
BIZ-003733,379001.1,192
BIZ-003734,15141.66,14
BIZ-003735,23647.08,19
BIZ-003736,14098.09,2
BIZ-003737,13520.74,137
BIZ-003738,103202.62,14
BIZ-003739,11237.69,223
BIZ-003740,13710.53,31
BIZ-003741,4503.04,18
BIZ-003742,10325.67,62
BIZ-003743,3990.21,183
BIZ-003744,41431.83,217
BIZ-003745,362107.79,60
BIZ-003746,15265.05,124
BIZ-003747,4159.88,185
BIZ-003748,54176.35,191
BIZ-003749,10647.44,37
BIZ-003750,80768.87,201
BIZ-003751,16613.5,208
BIZ-003752,11709.83,176
BIZ-003753,18435.67,127
BIZ-003754,46994.07,94
BIZ-003755,17545.97,213
BIZ-003756,13403.56,207
BIZ-003757,18054.83,124
BIZ-003758,6174.26,178
BIZ-003759,32762.23,96
BIZ-003760,3689.6,178
BIZ-003761,14127.5,22
BIZ-003762,47069.72,216
BIZ-003763,29823.39,124
BIZ-003764,39748.23,144
BIZ-003765,20639.34,46
BIZ-003766,70951.1,127
BIZ-003767,55531.14,1
BIZ-003768,34411.32,213
BIZ-003769,55689.44,179
BIZ-003770,46649.78,109
BIZ-003771,14193.46,200
BIZ-003772,5745.09,194
BIZ-003773,33535.58,29
BIZ-003774,38028.43,13
BIZ-003775,65543.67,61
BIZ-003776,8635.86,1
BIZ-003777,8897.89,137
BIZ-003778,34888.07,127
BIZ-003779,20513.39,129
BIZ-003780,3341.71,18
BIZ-003781,32051.79,220
BIZ-003782,3455.0,234
BIZ-003783,8559.04,142
BIZ-003784,85108.43,2
BIZ-003785,136609.12,95
BIZ-003786,6531.18,172
BIZ-003787,15844.99,179
BIZ-003788,22985.58,59
BIZ-003789,130774.13,197
BIZ-003790,13455.34,232
BIZ-003791,13672.15,122
BIZ-003792,103644.86,92
BIZ-003793,15141.75,126
BIZ-003794,45351.64,7
BIZ-003795,5028.4,126
BIZ-003796,18560.06,7
BIZ-003797,4189.78,9
BIZ-003798,7666.12,133
BIZ-003799,50980.65,123
BIZ-003800,20954.2,236
BIZ-003801,16008.81,122
BIZ-003802,10417.58,235
BIZ-003803,17665.06,193
BIZ-003804,29765.73,81
BIZ-003805,58859.95,222
BIZ-003806,1595.36,116
BIZ-003807,9587.72,143
BIZ-003808,25824.95,25
BIZ-003809,19953.04,51
BIZ-003810,32970.76,125
BIZ-003811,28783.0,65
BIZ-003812,16238.37,144
BIZ-003813,13005.75,20
BIZ-003814,17231.57,61
BIZ-003815,69476.4,159
BIZ-003816,10593.46,147
BIZ-003817,20685.6,236
BIZ-003818,26458.75,216
BIZ-003819,104856.8,194
BIZ-003820,16312.58,1
BIZ-003821,57457.84,144
BIZ-003822,75506.91,55
BIZ-003823,20666.01,64
BIZ-003824,17841.47,51
BIZ-003825,15850.34,109
BIZ-003826,17054.63,30
BIZ-003827,51753.11,128
BIZ-003828,27750.52,40
BIZ-003829,27869.54,120
BIZ-003830,7149.35,150
BIZ-003831,8370.84,43
BIZ-003832,187858.97,25
BIZ-003833,18438.1,193
BIZ-003834,10149.99,177
BIZ-003835,92143.2,63
BIZ-003836,29196.63,212
BIZ-003837,39267.6,53
BIZ-003838,19186.32,222
BIZ-003839,16015.73,28
BIZ-003840,18590.64,158
BIZ-003841,5526.23,5
BIZ-003842,20172.44,48
BIZ-003843,29614.91,97
BIZ-003844,140149.25,21
BIZ-003845,24004.56,110
BIZ-003846,2134.15,56
BIZ-003847,20050.6,24
BIZ-003848,340954.44,230
BIZ-003849,52384.51,235
BIZ-003850,9789.94,231
BIZ-003851,39779.48,37
BIZ-003852,10488.0,92
BIZ-003853,5688.45,79
BIZ-003854,15547.12,78
BIZ-003855,24137.61,100
BIZ-003856,3387.49,122
BIZ-003857,6980.25,116
BIZ-003858,22255.3,70
BIZ-003859,14644.6,235
BIZ-003860,32689.57,235
BIZ-003861,6537.64,80
BIZ-003862,44986.32,53
BIZ-003863,6742.87,128
BIZ-003864,113861.07,89
BIZ-003865,3960.96,236
BIZ-003866,7386.77,103
BIZ-003867,33435.41,10
BIZ-003868,116335.47,30
BIZ-003869,30183.27,18
BIZ-003870,38671.49,92
BIZ-003871,22416.15,76
BIZ-003872,7891.97,205
BIZ-003873,13492.13,213
BIZ-003874,6555.7,34
BIZ-003875,6132.08,226
BIZ-003876,32917.14,140
BIZ-003877,7163.99,74
BIZ-003878,30319.73,98
BIZ-003879,5991.98,106
BIZ-003880,29625.27,41
BIZ-003881,13511.78,208
BIZ-003882,89914.59,3
BIZ-003883,30446.27,17
BIZ-003884,75794.64,66
BIZ-003885,10345.98,35
BIZ-003886,23298.48,15
BIZ-003887,8257.79,92
BIZ-003888,14565.26,91
BIZ-003889,16947.84,31
BIZ-003890,10658.81,194
BIZ-003891,6532.19,211
BIZ-003892,5358.73,173
BIZ-003893,2122.29,125
BIZ-003894,7659.13,227
BIZ-003895,41253.61,84
BIZ-003896,4453.75,103
BIZ-003897,5607.59,4
BIZ-003898,132045.07,170
BIZ-003899,11655.16,23
BIZ-003900,30365.0,160
BIZ-003901,41869.68,187
BIZ-003902,42724.43,52
BIZ-003903,4806.31,147
BIZ-003904,17482.23,73
BIZ-003905,4366.74,96
BIZ-003906,254312.18,127
BIZ-003907,4469.92,60
BIZ-003908,7724.56,191
BIZ-003909,7780.68,95
BIZ-003910,4931.21,111
BIZ-003911,85186.13,195
BIZ-003912,248313.64,55
BIZ-003913,13687.67,109
BIZ-003914,5881.56,238
BIZ-003915,2352.13,96
BIZ-003916,17255.59,28
BIZ-003917,16052.74,68
BIZ-003918,11483.93,229
BIZ-003919,27484.44,182
BIZ-003920,32701.4,194
BIZ-003921,30426.93,61
BIZ-003922,16056.6,201
BIZ-003923,7320.09,95
BIZ-003924,42865.95,190
BIZ-003925,22303.83,211
BIZ-003926,53549.27,50
BIZ-003927,48536.7,225
BIZ-003928,5314.73,152
BIZ-003929,5248.92,175
BIZ-003930,10347.08,181
BIZ-003931,7659.75,41
BIZ-003932,46875.56,179
BIZ-003933,31298.01,51
BIZ-003934,66117.19,65
BIZ-003935,32744.39,28
BIZ-003936,27136.9,44
BIZ-003937,73110.68,234
BIZ-003938,35232.61,79
BIZ-003939,23578.75,93
BIZ-003940,96804.91,115
BIZ-003941,24715.38,171
BIZ-003942,16246.93,138
BIZ-003943,9529.78,129
BIZ-003944,44490.26,201
BIZ-003945,75890.78,119
BIZ-003946,20939.92,184
BIZ-003947,81463.93,218
BIZ-003948,3071.7,162
BIZ-003949,20838.27,9
BIZ-003950,21160.79,63
BIZ-003951,10646.7,148
BIZ-003952,238914.5,115
BIZ-003953,20615.68,69
BIZ-003954,14651.08,81
BIZ-003955,22605.81,19
BIZ-003956,2972.58,57
BIZ-003957,10302.4,188
BIZ-003958,58879.01,3
BIZ-003959,11743.49,201
BIZ-003960,9615.43,82
BIZ-003961,81595.19,194
BIZ-003962,84141.43,62
BIZ-003963,36937.79,199
BIZ-003964,13973.01,137
BIZ-003965,17335.8,204
BIZ-003966,9856.14,15
BIZ-003967,8145.55,191
BIZ-003968,7751.05,65
BIZ-003969,11872.09,86
BIZ-003970,7826.57,11
BIZ-003971,4611.44,229
BIZ-003972,27430.28,154
BIZ-003973,27850.2,235
BIZ-003974,120667.34,136
BIZ-003975,11289.88,38
BIZ-003976,29616.9,81
BIZ-003977,30113.01,106
BIZ-003978,17088.52,36
BIZ-003979,46366.55,223
BIZ-003980,47821.43,229
BIZ-003981,30558.9,135
BIZ-003982,17057.76,140
BIZ-003983,15405.35,169
BIZ-003984,5609.66,163
BIZ-003985,9838.73,15
BIZ-003986,11825.25,127
BIZ-003987,7158.3,186
BIZ-003988,34198.05,193
BIZ-003989,72884.25,143
BIZ-003990,8883.38,215
BIZ-003991,29244.34,141
BIZ-003992,7831.34,92
BIZ-003993,16237.49,106
BIZ-003994,11044.31,165
BIZ-003995,40210.99,212
BIZ-003996,11172.51,55
BIZ-003997,60576.39,71
BIZ-003998,17227.79,156
BIZ-003999,11503.38,183
BIZ-004000,6289.86,96
BIZ-004001,28373.32,154
BIZ-004002,53917.93,2
BIZ-004003,28949.88,70
BIZ-004004,206660.3,229
BIZ-004005,92022.41,138
BIZ-004006,16195.23,208
BIZ-004007,16026.08,53
BIZ-004008,35231.53,70
BIZ-004009,9527.91,234
BIZ-004010,70706.18,239
BIZ-004011,31621.75,210
BIZ-004012,28465.81,76
BIZ-004013,43780.93,192
BIZ-004014,123356.01,110
BIZ-004015,26133.03,202
BIZ-004016,19672.16,204
BIZ-004017,99580.3,104
BIZ-004018,57962.44,73
BIZ-004019,15978.83,233
BIZ-004020,22141.0,108
BIZ-004021,26779.2,104
BIZ-004022,31628.47,160
BIZ-004023,5672.58,224
BIZ-004024,4710.34,32
BIZ-004025,9068.93,236
BIZ-004026,8393.91,101
BIZ-004027,11570.06,7
BIZ-004028,41552.4,74
BIZ-004029,18602.86,111
BIZ-004030,26806.36,162
BIZ-004031,6474.95,136
BIZ-004032,13882.13,33
BIZ-004033,39626.67,117
BIZ-004034,39932.77,56
BIZ-004035,10672.51,65
BIZ-004036,25891.3,171
BIZ-004037,198560.25,192
BIZ-004038,21642.24,38
BIZ-004039,11012.79,144
BIZ-004040,18513.17,101
BIZ-004041,24153.32,81
BIZ-004042,18936.22,171
BIZ-004043,21346.55,60
BIZ-004044,5200.72,183
BIZ-004045,8411.62,96
BIZ-004046,18970.96,23
BIZ-004047,18671.1,190
BIZ-004048,12504.09,204
BIZ-004049,18453.08,135
BIZ-004050,23412.25,174
BIZ-004051,53605.85,36
BIZ-004052,19946.09,82
BIZ-004053,32830.17,84
BIZ-004054,12815.36,183
BIZ-004055,39030.38,85
BIZ-004056,32071.73,175
BIZ-004057,52355.75,74
BIZ-004058,44956.94,144
BIZ-004059,39685.28,51
BIZ-004060,19961.94,134
BIZ-004061,28139.77,20
BIZ-004062,63800.03,176
BIZ-004063,11474.99,7
BIZ-004064,11749.81,239
BIZ-004065,26408.24,201
BIZ-004066,33365.57,139
BIZ-004067,9661.4,218
BIZ-004068,20439.76,194
BIZ-004069,20050.34,35
BIZ-004070,2403.59,178
BIZ-004071,17683.83,91
BIZ-004072,18820.13,205
BIZ-004073,18764.22,207
BIZ-004074,90754.59,229
BIZ-004075,6530.26,108
BIZ-004076,9656.41,47
BIZ-004077,1616.15,30
BIZ-004078,13617.12,40
BIZ-004079,14829.24,238
BIZ-004080,13227.1,141
BIZ-004081,66681.13,85
BIZ-004082,52084.23,108
BIZ-004083,23809.9,42
BIZ-004084,15205.11,137
BIZ-004085,61462.94,102
BIZ-004086,21595.54,191
BIZ-004087,9717.95,6
BIZ-004088,3959.02,223
BIZ-004089,14167.21,15
BIZ-004090,46847.06,100
BIZ-004091,214601.63,82
BIZ-004092,23426.2,172
BIZ-004093,10246.02,158
BIZ-004094,6734.74,48
BIZ-004095,38252.14,118
BIZ-004096,3772.09,128
BIZ-004097,38190.62,111
BIZ-004098,49896.77,6
BIZ-004099,34073.64,43
BIZ-004100,17682.63,121
BIZ-004101,38752.12,63
BIZ-004102,26132.59,131
BIZ-004103,10116.03,40
BIZ-004104,140142.12,176
BIZ-004105,15495.74,46
BIZ-004106,47846.45,156
BIZ-004107,1961.34,200
BIZ-004108,78942.17,86
BIZ-004109,95679.92,34
BIZ-004110,22693.5,2
BIZ-004111,38513.77,87
BIZ-004112,38503.91,28
BIZ-004113,11582.1,211
BIZ-004114,38067.73,233
BIZ-004115,9812.08,235
BIZ-004116,11982.99,221
BIZ-004117,67978.25,141
BIZ-004118,58375.86,78
BIZ-004119,10868.51,107
BIZ-004120,10576.86,62
BIZ-004121,11549.57,201
BIZ-004122,45827.5,105
BIZ-004123,8103.21,93
BIZ-004124,31467.57,165
BIZ-004125,46483.23,90
BIZ-004126,20166.03,86
BIZ-004127,60479.74,55
BIZ-004128,16247.43,17
BIZ-004129,17785.6,10
BIZ-004130,8289.57,97
BIZ-004131,60911.5,238
BIZ-004132,10234.09,63
BIZ-004133,31249.91,154
BIZ-004134,20510.33,78
BIZ-004135,7686.47,73
BIZ-004136,11978.84,39
BIZ-004137,87804.87,135
BIZ-004138,26947.82,158
BIZ-004139,8029.28,84
BIZ-004140,29891.47,126
BIZ-004141,19032.17,114
BIZ-004142,696655.57,65
BIZ-004143,29293.59,166
BIZ-004144,15053.64,133
BIZ-004145,91128.69,16
BIZ-004146,3494.56,118
BIZ-004147,24205.14,94
BIZ-004148,161850.52,191
BIZ-004149,19610.11,74
BIZ-004150,3892.08,229
BIZ-004151,14825.18,147
BIZ-004152,94326.56,32
BIZ-004153,32082.62,97
BIZ-004154,9519.94,212
BIZ-004155,11100.63,61
BIZ-004156,12585.49,169
BIZ-004157,31609.02,188
BIZ-004158,83968.43,166
BIZ-004159,63096.65,22
BIZ-004160,34752.69,90
BIZ-004161,5815.93,84
BIZ-004162,5837.56,83
BIZ-004163,37543.37,211
BIZ-004164,5736.07,2
BIZ-004165,17578.52,129
BIZ-004166,29856.28,235
BIZ-004167,7061.45,210
BIZ-004168,7908.85,145
BIZ-004169,20047.88,239
BIZ-004170,36448.31,97
BIZ-004171,63673.18,147
BIZ-004172,40418.93,130
BIZ-004173,23710.1,12
BIZ-004174,10444.23,10
BIZ-004175,7548.42,215
BIZ-004176,13215.2,42
BIZ-004177,33187.73,85
BIZ-004178,30841.72,149
BIZ-004179,2697.55,138
BIZ-004180,10039.91,123
BIZ-004181,73460.83,235
BIZ-004182,23842.26,189
BIZ-004183,5340.05,226
BIZ-004184,232308.42,158
BIZ-004185,21398.12,235
BIZ-004186,32348.86,144
BIZ-004187,32844.01,130
BIZ-004188,15251.06,195
BIZ-004189,10640.54,208
BIZ-004190,183813.14,17
BIZ-004191,60066.4,218
BIZ-004192,50108.06,166
BIZ-004193,39194.4,215
BIZ-004194,8076.25,172
BIZ-004195,79025.84,222
BIZ-004196,9479.32,66
BIZ-004197,29239.82,45
BIZ-004198,4275.3,47
BIZ-004199,2861.61,61
BIZ-004200,30281.47,52
BIZ-004201,9807.48,106
BIZ-004202,3013.42,48
BIZ-004203,37820.61,38
BIZ-004204,183520.34,126
BIZ-004205,88394.08,190
BIZ-004206,17029.15,33
BIZ-004207,22222.16,123
BIZ-004208,53514.41,158
BIZ-004209,67651.72,169
BIZ-004210,15622.45,26
BIZ-004211,22792.29,176
BIZ-004212,29750.9,7
BIZ-004213,38325.71,57
BIZ-004214,19281.93,77
BIZ-004215,19534.06,204
BIZ-004216,87538.36,46
BIZ-004217,73830.02,188
BIZ-004218,35504.35,237
BIZ-004219,122897.88,230
BIZ-004220,14966.27,73
BIZ-004221,111633.16,23
BIZ-004222,37892.76,54
BIZ-004223,580140.81,184
BIZ-004224,6684.31,48
BIZ-004225,11055.18,155
BIZ-004226,33483.16,90
BIZ-004227,32768.86,184
BIZ-004228,154838.67,145
BIZ-004229,11289.47,140
BIZ-004230,54443.49,187
BIZ-004231,70436.23,229
BIZ-004232,44562.49,88
BIZ-004233,8425.38,127
BIZ-004234,90017.45,150
BIZ-004235,75306.74,197
BIZ-004236,40118.17,116
BIZ-004237,27020.41,90
BIZ-004238,27614.82,203
BIZ-004239,20358.71,228
BIZ-004240,41805.58,137
BIZ-004241,22723.04,25
BIZ-004242,9428.34,70
BIZ-004243,7718.75,111
BIZ-004244,10383.4,169
BIZ-004245,27505.25,161
BIZ-004246,21440.65,196
BIZ-004247,27319.17,8
BIZ-004248,36345.04,112
BIZ-004249,11762.59,168
BIZ-004250,95383.43,236
BIZ-004251,16853.09,35
BIZ-004252,14279.4,211
BIZ-004253,35681.45,2
BIZ-004254,3510.42,48
BIZ-004255,9991.26,203
BIZ-004256,58751.55,189
BIZ-004257,3876.07,233
BIZ-004258,67344.34,144
BIZ-004259,99821.27,148
BIZ-004260,15222.73,128
BIZ-004261,29490.18,123
BIZ-004262,67446.31,123
BIZ-004263,13810.86,70
BIZ-004264,52458.39,204
BIZ-004265,11258.19,86
BIZ-004266,13662.33,146
BIZ-004267,9903.7,160
BIZ-004268,31028.06,129
BIZ-004269,70120.4,147
BIZ-004270,18322.54,12
BIZ-004271,6178.01,76
BIZ-004272,7459.87,108
BIZ-004273,32682.64,95
BIZ-004274,139262.57,218
BIZ-004275,32654.08,215
BIZ-004276,14959.52,171
BIZ-004277,47390.83,85
BIZ-004278,17335.32,13
BIZ-004279,15088.9,181
BIZ-004280,8446.78,212
BIZ-004281,90079.59,118
BIZ-004282,1738.52,198
BIZ-004283,48915.97,223
BIZ-004284,13852.97,131
BIZ-004285,14612.89,51
BIZ-004286,119648.69,6
BIZ-004287,10784.54,181
BIZ-004288,11158.21,135
BIZ-004289,19333.72,37
BIZ-004290,33317.81,14
BIZ-004291,14159.54,232
BIZ-004292,4564.85,77
BIZ-004293,9267.8,79
BIZ-004294,79327.0,151
BIZ-004295,23736.68,88
BIZ-004296,34581.95,219
BIZ-004297,16959.42,163
BIZ-004298,11390.13,86
BIZ-004299,117897.33,64
BIZ-004300,18247.95,206
BIZ-004301,14138.12,142
BIZ-004302,65916.39,220
BIZ-004303,10696.16,83
BIZ-004304,12152.29,6
BIZ-004305,22253.32,215
BIZ-004306,22032.42,58
BIZ-004307,28555.69,203
BIZ-004308,178379.59,170
BIZ-004309,30830.15,56
BIZ-004310,2042.53,181
BIZ-004311,30524.93,20
BIZ-004312,22876.83,94
BIZ-004313,23004.61,86
BIZ-004314,28168.15,157
BIZ-004315,21403.76,128
BIZ-004316,20897.56,147
BIZ-004317,40661.79,114
BIZ-004318,12809.2,177
BIZ-004319,8538.27,39
BIZ-004320,453060.73,172
BIZ-004321,10765.94,12
BIZ-004322,24346.49,21
BIZ-004323,4936.14,173
BIZ-004324,24747.22,38
BIZ-004325,8662.64,185
BIZ-004326,14150.81,32
BIZ-004327,62634.07,36
BIZ-004328,35313.11,223
BIZ-004329,38886.78,43
BIZ-004330,3747.32,219
BIZ-004331,138260.54,84
BIZ-004332,6688.32,191
BIZ-004333,101575.82,225
BIZ-004334,61178.06,28
BIZ-004335,39235.32,79
BIZ-004336,9367.63,138
BIZ-004337,25631.82,207
BIZ-004338,13753.91,45
BIZ-004339,22675.48,45
BIZ-004340,17156.42,89
BIZ-004341,2868.06,49
BIZ-004342,67628.46,64
BIZ-004343,20310.49,32
BIZ-004344,13564.34,199
BIZ-004345,12577.6,191
BIZ-004346,31522.59,35
BIZ-004347,9011.38,129
BIZ-004348,2309.59,155
BIZ-004349,33094.75,150
BIZ-004350,37015.91,236
BIZ-004351,18040.39,154
BIZ-004352,6989.03,165
BIZ-004353,24075.15,8
BIZ-004354,5092.21,19
BIZ-004355,7885.41,148
BIZ-004356,10397.31,217
BIZ-004357,51222.75,96
BIZ-004358,15327.27,154
BIZ-004359,14074.69,51
BIZ-004360,155545.34,110
BIZ-004361,31334.11,180
BIZ-004362,30914.93,158
BIZ-004363,15218.99,28
BIZ-004364,12132.32,211
BIZ-004365,2474.0,222
BIZ-004366,58031.46,115
BIZ-004367,34486.03,82
BIZ-004368,18413.4,127
BIZ-004369,19202.07,192
BIZ-004370,45988.39,109
BIZ-004371,4653.1,8
BIZ-004372,12211.32,18
BIZ-004373,7070.58,194
BIZ-004374,129509.47,189
BIZ-004375,52873.39,185
BIZ-004376,2434.04,31
BIZ-004377,4847.6,41
BIZ-004378,19296.02,95
BIZ-004379,13733.04,56
BIZ-004380,5858.32,93
BIZ-004381,154008.37,134
BIZ-004382,30107.81,67
BIZ-004383,35412.36,30
BIZ-004384,11025.71,97
BIZ-004385,45354.93,173
BIZ-004386,15056.53,148
BIZ-004387,16591.68,77
BIZ-004388,40578.84,75
BIZ-004389,4319.96,140
BIZ-004390,108774.03,42
BIZ-004391,26433.55,200
BIZ-004392,79296.1,208
BIZ-004393,7514.43,7
BIZ-004394,8750.23,233
BIZ-004395,6891.88,6
BIZ-004396,28290.96,110
BIZ-004397,23528.87,160
BIZ-004398,13843.74,79
BIZ-004399,7989.88,49
BIZ-004400,6206.82,12
BIZ-004401,20984.01,174
BIZ-004402,13827.48,9
BIZ-004403,11096.59,116
BIZ-004404,103475.43,94
BIZ-004405,20285.76,232
BIZ-004406,78436.36,223
BIZ-004407,12922.79,196
BIZ-004408,28135.19,175
BIZ-004409,20837.8,130
BIZ-004410,4033.45,84
BIZ-004411,91889.16,40
BIZ-004412,19241.92,232
BIZ-004413,46463.31,92
BIZ-004414,10383.48,103
BIZ-004415,18679.01,34
BIZ-004416,9257.11,67
BIZ-004417,75810.99,152
BIZ-004418,30073.79,102
BIZ-004419,31794.66,141
BIZ-004420,85663.67,51
BIZ-004421,70006.35,20
BIZ-004422,47350.97,212
BIZ-004423,5314.92,104
BIZ-004424,10985.38,87
BIZ-004425,8071.64,69
BIZ-004426,45594.1,158
BIZ-004427,26125.1,135
BIZ-004428,5483.44,93
BIZ-004429,18237.88,223
BIZ-004430,4943.79,216
BIZ-004431,20886.19,48
BIZ-004432,4207.52,154
BIZ-004433,37377.62,232
BIZ-004434,32143.41,117
BIZ-004435,148441.84,8
BIZ-004436,51424.67,32
BIZ-004437,14430.3,160
BIZ-004438,49914.66,216
BIZ-004439,5444.36,31
BIZ-004440,8412.95,131
BIZ-004441,30734.54,119
BIZ-004442,2544.65,69
BIZ-004443,21222.97,151
BIZ-004444,7940.54,210
BIZ-004445,24374.85,58
BIZ-004446,7497.04,14
BIZ-004447,33666.15,86
BIZ-004448,22456.32,76
BIZ-004449,89354.41,174
BIZ-004450,22175.3,129
BIZ-004451,10212.39,5
BIZ-004452,17207.73,82
BIZ-004453,5743.15,176
BIZ-004454,33061.91,114
BIZ-004455,39729.54,135
BIZ-004456,260197.45,64
BIZ-004457,11827.28,77
BIZ-004458,16851.68,32
BIZ-004459,12385.0,20
BIZ-004460,27231.07,9
BIZ-004461,32263.46,150
BIZ-004462,20881.63,38
BIZ-004463,65272.49,138
BIZ-004464,11884.86,228
BIZ-004465,59052.02,167
BIZ-004466,37740.83,138
BIZ-004467,21763.08,28
BIZ-004468,16075.69,117
BIZ-004469,249363.7,213
BIZ-004470,9730.22,92
BIZ-004471,29671.23,198
BIZ-004472,10402.29,170
BIZ-004473,131349.99,64
BIZ-004474,53467.34,34
BIZ-004475,11177.41,5
BIZ-004476,36775.79,66
BIZ-004477,28501.04,80
BIZ-004478,13139.46,157
BIZ-004479,47012.28,137
BIZ-004480,32510.08,115
BIZ-004481,27328.86,173
BIZ-004482,21122.21,185
BIZ-004483,33896.07,171
BIZ-004484,27705.54,215
BIZ-004485,23367.31,86
BIZ-004486,11602.6,197
BIZ-004487,119822.44,101
BIZ-004488,7704.66,45
BIZ-004489,33780.41,35
BIZ-004490,15990.65,22
BIZ-004491,127969.5,229
BIZ-004492,8924.16,41
BIZ-004493,10559.03,200
BIZ-004494,8351.38,188
BIZ-004495,30438.55,105
BIZ-004496,5580.03,219
BIZ-004497,13649.68,218
BIZ-004498,2559.67,222
BIZ-004499,28012.93,119
BIZ-004500,13356.86,72
BIZ-004501,4973.82,11
BIZ-004502,65225.74,201
BIZ-004503,5957.06,209
BIZ-004504,48871.21,129
BIZ-004505,10926.64,17
BIZ-004506,109269.37,197
BIZ-004507,46609.07,72
BIZ-004508,8038.13,132
BIZ-004509,8803.61,158
BIZ-004510,40357.2,35
BIZ-004511,16943.2,15
BIZ-004512,18595.18,19
BIZ-004513,78608.79,230
BIZ-004514,10418.22,229
BIZ-004515,24131.99,103
BIZ-004516,57218.23,102
BIZ-004517,49469.79,98
BIZ-004518,18776.99,84
BIZ-004519,16499.64,130
BIZ-004520,3870.68,86
BIZ-004521,7659.91,148
BIZ-004522,30283.53,91
BIZ-004523,19189.49,151
BIZ-004524,23740.25,226
BIZ-004525,62271.16,50
BIZ-004526,6718.88,15
BIZ-004527,17392.94,126
BIZ-004528,26601.18,29
BIZ-004529,10892.61,56
BIZ-004530,92178.03,189
BIZ-004531,54643.57,100
BIZ-004532,29440.7,132
BIZ-004533,132485.94,186
BIZ-004534,4920.2,31
BIZ-004535,21856.94,115
BIZ-004536,31771.88,9
BIZ-004537,8825.89,120
BIZ-004538,29753.87,54
BIZ-004539,7283.87,218
BIZ-004540,43938.99,63
BIZ-004541,63439.04,48
BIZ-004542,28921.29,4
BIZ-004543,3453.7,32
BIZ-004544,8376.68,52
BIZ-004545,38743.18,55
BIZ-004546,22498.38,177
BIZ-004547,1489.2,213
BIZ-004548,76330.69,205
BIZ-004549,25251.9,229
BIZ-004550,9710.13,215
BIZ-004551,59572.87,109
BIZ-004552,11186.47,94
BIZ-004553,11065.06,156
BIZ-004554,31519.22,77
BIZ-004555,130749.49,145
BIZ-004556,111701.7,239
BIZ-004557,31562.07,48
BIZ-004558,34974.89,184
BIZ-004559,48605.84,224
BIZ-004560,6266.77,129
BIZ-004561,41946.42,86
BIZ-004562,10571.6,61
BIZ-004563,30287.13,41
BIZ-004564,17545.14,77
BIZ-004565,36359.41,179
BIZ-004566,24787.72,124
BIZ-004567,1019.4,53
BIZ-004568,26341.26,130
BIZ-004569,41862.8,194
BIZ-004570,34404.01,4
BIZ-004571,19878.9,5
BIZ-004572,113795.89,230
BIZ-004573,30072.7,179
BIZ-004574,34121.17,138
BIZ-004575,62598.21,217
BIZ-004576,31653.15,141
BIZ-004577,8973.06,125
BIZ-004578,1923.04,51
BIZ-004579,13668.91,194
BIZ-004580,47143.22,183
BIZ-004581,15473.8,71
BIZ-004582,49078.6,177
BIZ-004583,25558.58,174
BIZ-004584,79862.85,23
BIZ-004585,16395.85,39
BIZ-004586,35158.26,143
BIZ-004587,36529.85,150
BIZ-004588,98874.03,158
BIZ-004589,3997.25,90
BIZ-004590,13927.1,200
BIZ-004591,51457.74,107
BIZ-004592,103352.06,50
BIZ-004593,28003.13,28
BIZ-004594,16437.09,210
BIZ-004595,46963.14,170
BIZ-004596,52507.05,111
BIZ-004597,15372.54,51
BIZ-004598,30647.53,24
BIZ-004599,71720.17,37
BIZ-004600,145868.24,26
BIZ-004601,46286.47,127
BIZ-004602,23020.47,48
BIZ-004603,20867.01,31
BIZ-004604,38460.87,68
BIZ-004605,19620.44,168
BIZ-004606,26625.92,119
BIZ-004607,7647.42,37
BIZ-004608,80584.14,179
BIZ-004609,7043.18,118
BIZ-004610,14298.19,45
BIZ-004611,24284.49,166
BIZ-004612,161294.45,238
BIZ-004613,14433.64,130
BIZ-004614,11316.13,39
BIZ-004615,12697.79,74
BIZ-004616,115716.34,144
BIZ-004617,1322.99,239
BIZ-004618,8080.93,223
BIZ-004619,338164.83,224
BIZ-004620,39770.55,199
BIZ-004621,7288.22,138
BIZ-004622,21122.24,155
BIZ-004623,23563.51,176
BIZ-004624,51334.86,172
BIZ-004625,138621.43,153
BIZ-004626,32485.58,33
BIZ-004627,12838.6,211
BIZ-004628,48391.74,3
BIZ-004629,10957.15,102
BIZ-004630,7837.4,104
BIZ-004631,3789.89,239
BIZ-004632,4604.88,22
BIZ-004633,8987.18,114
BIZ-004634,6783.24,86
BIZ-004635,30128.79,24
BIZ-004636,6638.21,54
BIZ-004637,949.88,101
BIZ-004638,7754.96,220
BIZ-004639,13741.01,93
BIZ-004640,12022.68,211
BIZ-004641,100662.1,176
BIZ-004642,11925.78,196
BIZ-004643,53152.66,205
BIZ-004644,21612.29,171
BIZ-004645,21114.08,176
BIZ-004646,9553.09,37
BIZ-004647,20769.01,172
BIZ-004648,10248.68,12
BIZ-004649,26108.71,177
BIZ-004650,17391.73,157
BIZ-004651,8564.42,181
BIZ-004652,59390.78,154
BIZ-004653,33753.54,89
BIZ-004654,14071.93,89
BIZ-004655,25476.02,143
BIZ-004656,20255.42,113
BIZ-004657,9250.28,82
BIZ-004658,23635.29,117
BIZ-004659,11837.03,129
BIZ-004660,8561.8,58
BIZ-004661,4346.96,153
BIZ-004662,15388.76,76
BIZ-004663,38830.86,64
BIZ-004664,10996.59,100
BIZ-004665,273952.14,25
BIZ-004666,53406.39,145
BIZ-004667,81172.36,176
BIZ-004668,48788.16,229
BIZ-004669,140486.26,68
BIZ-004670,10026.61,129
BIZ-004671,1701.5,121
BIZ-004672,14099.21,175
BIZ-004673,38492.5,150
BIZ-004674,25629.95,193
BIZ-004675,29012.23,204
BIZ-004676,82529.41,28
BIZ-004677,32275.3,85
BIZ-004678,48967.54,157
BIZ-004679,8607.91,130
BIZ-004680,7365.82,116
BIZ-004681,110648.51,42
BIZ-004682,24364.97,137
BIZ-004683,11810.81,177
BIZ-004684,11832.5,10
BIZ-004685,11508.91,142
BIZ-004686,10840.46,217
BIZ-004687,6104.93,138
BIZ-004688,4912.7,228
BIZ-004689,18124.06,85
BIZ-004690,12174.2,1
BIZ-004691,66646.6,164
BIZ-004692,29527.48,51
BIZ-004693,28719.1,3
BIZ-004694,10476.39,44
BIZ-004695,19515.64,224
BIZ-004696,31602.8,187
BIZ-004697,45080.08,66
BIZ-004698,20052.48,143
BIZ-004699,64804.08,82
BIZ-004700,22203.15,43
BIZ-004701,48671.41,237
BIZ-004702,13495.99,195
BIZ-004703,3595.4,87
BIZ-004704,28806.58,85
BIZ-004705,45493.47,195
BIZ-004706,39157.5,111
BIZ-004707,33596.82,91
BIZ-004708,15543.74,93
BIZ-004709,9830.59,107
BIZ-004710,38243.48,125
BIZ-004711,33740.27,10
BIZ-004712,12570.41,115
BIZ-004713,66797.72,106
BIZ-004714,9110.06,66
BIZ-004715,12289.21,85
BIZ-004716,113144.97,102
BIZ-004717,52500.71,88
BIZ-004718,15397.97,218
BIZ-004719,29359.77,127
BIZ-004720,25714.04,121
BIZ-004721,1414.29,63
BIZ-004722,8897.5,220
BIZ-004723,20934.49,6
BIZ-004724,15419.5,132
BIZ-004725,28200.71,41
BIZ-004726,68151.08,184
BIZ-004727,15969.95,91
BIZ-004728,7649.11,71
BIZ-004729,30480.78,14
BIZ-004730,15888.91,189
BIZ-004731,18843.75,95
BIZ-004732,16452.39,64
BIZ-004733,207282.48,202
BIZ-004734,2343.25,5
BIZ-004735,14938.04,113
BIZ-004736,21945.36,39
BIZ-004737,10085.54,31
BIZ-004738,54166.93,6
BIZ-004739,49675.03,45
BIZ-004740,20999.32,227
BIZ-004741,16803.23,107
BIZ-004742,19693.49,239
BIZ-004743,19835.2,64
BIZ-004744,20366.1,183
BIZ-004745,18251.47,22
BIZ-004746,28351.9,26
BIZ-004747,46780.05,4
BIZ-004748,6436.5,215
BIZ-004749,7702.78,161
BIZ-004750,3833.3,178
BIZ-004751,52386.14,222
BIZ-004752,28291.69,80
BIZ-004753,36507.3,173
BIZ-004754,5273.78,121
BIZ-004755,131261.67,130
BIZ-004756,11981.86,159
BIZ-004757,26061.28,113
BIZ-004758,51760.61,6
BIZ-004759,8209.28,18
BIZ-004760,12754.96,120
BIZ-004761,26348.64,137
BIZ-004762,383645.06,176
BIZ-004763,29766.08,137
BIZ-004764,109794.0,45
BIZ-004765,73546.5,88
BIZ-004766,31825.08,107
BIZ-004767,8191.11,236
BIZ-004768,63560.89,128
BIZ-004769,4924.06,152
BIZ-004770,109193.32,176
BIZ-004771,26903.33,87
BIZ-004772,1555.85,231
BIZ-004773,15669.85,162
BIZ-004774,42359.49,203
BIZ-004775,17378.27,180
BIZ-004776,45026.47,149
BIZ-004777,9414.21,8
BIZ-004778,5967.11,140
BIZ-004779,20507.68,31
BIZ-004780,22732.84,145
BIZ-004781,15546.89,168
BIZ-004782,75153.74,131
BIZ-004783,9412.49,74
BIZ-004784,30126.66,15
BIZ-004785,23575.66,161
BIZ-004786,4643.78,167
BIZ-004787,5889.76,115
BIZ-004788,22290.39,172
BIZ-004789,159723.58,187
BIZ-004790,39311.4,123
BIZ-004791,3922.03,12
BIZ-004792,981.92,209
BIZ-004793,45846.47,112
BIZ-004794,20005.98,161
BIZ-004795,68958.9,218
BIZ-004796,9129.64,87
BIZ-004797,31263.69,149
BIZ-004798,51337.33,5
BIZ-004799,14080.36,212
BIZ-004800,14384.61,15
BIZ-004801,22590.01,130
BIZ-004802,37898.86,85
BIZ-004803,21712.99,9
BIZ-004804,58337.26,111
BIZ-004805,13878.06,224
BIZ-004806,5834.86,40
BIZ-004807,159050.23,70
BIZ-004808,12032.5,46
BIZ-004809,12475.95,30
BIZ-004810,20623.71,56
BIZ-004811,23557.07,137
BIZ-004812,14962.71,187
BIZ-004813,21645.79,165
BIZ-004814,21167.83,185
BIZ-004815,26234.2,172
BIZ-004816,2084.98,92
BIZ-004817,144477.1,216
BIZ-004818,19009.83,42
BIZ-004819,39364.62,168
BIZ-004820,5551.92,27
BIZ-004821,13752.83,183
BIZ-004822,11245.06,21
BIZ-004823,95771.82,52
BIZ-004824,12261.09,94
BIZ-004825,47008.32,166
BIZ-004826,11493.99,11
BIZ-004827,14007.96,62
BIZ-004828,17230.73,80
BIZ-004829,79526.46,175
BIZ-004830,3328.07,230
BIZ-004831,5909.62,147
BIZ-004832,3142.25,122
BIZ-004833,7424.18,81
BIZ-004834,9782.99,197
BIZ-004835,4383.13,26
BIZ-004836,10570.82,31
BIZ-004837,2937.42,49
BIZ-004838,7958.62,65
BIZ-004839,73161.19,111
BIZ-004840,32977.74,227
BIZ-004841,26568.13,156
BIZ-004842,8080.6,92
BIZ-004843,4740.58,51
BIZ-004844,7050.43,155
BIZ-004845,21094.98,61
BIZ-004846,52479.44,234
BIZ-004847,54304.77,115
BIZ-004848,41382.46,132
BIZ-004849,10534.84,216
BIZ-004850,22573.9,73
BIZ-004851,15973.04,113
BIZ-004852,18012.3,128
BIZ-004853,168911.11,65
BIZ-004854,3781.97,14
BIZ-004855,17419.11,68
BIZ-004856,73994.71,27
BIZ-004857,5085.3,162
BIZ-004858,11570.95,2
BIZ-004859,12977.36,76
BIZ-004860,17618.6,212
BIZ-004861,4465.08,136
BIZ-004862,39946.09,161
BIZ-004863,42885.42,160
BIZ-004864,36620.93,72
BIZ-004865,9224.57,152
BIZ-004866,24016.85,53
BIZ-004867,8960.31,152
BIZ-004868,15794.28,164
BIZ-004869,189750.99,210
BIZ-004870,24238.45,220
BIZ-004871,6717.51,6
BIZ-004872,26379.31,72
BIZ-004873,5699.9,131
BIZ-004874,6640.81,77
BIZ-004875,7776.62,148
BIZ-004876,14124.84,205
BIZ-004877,56216.69,62
BIZ-004878,39277.15,214
BIZ-004879,37160.27,211
BIZ-004880,7339.86,219
BIZ-004881,12819.02,18
BIZ-004882,28911.68,71
BIZ-004883,11750.84,30
BIZ-004884,16674.46,29
BIZ-004885,34247.15,13
BIZ-004886,15540.85,106
BIZ-004887,27613.49,21
BIZ-004888,108307.37,71
BIZ-004889,18548.44,235
BIZ-004890,71634.91,212
BIZ-004891,38536.84,224
BIZ-004892,5078.43,9
BIZ-004893,7316.32,158
BIZ-004894,9570.15,152
BIZ-004895,9369.03,32
BIZ-004896,20124.84,217
BIZ-004897,40726.9,97
BIZ-004898,77277.52,234
BIZ-004899,29976.68,28
BIZ-004900,14105.51,156
BIZ-004901,2745.61,32
BIZ-004902,23637.5,228
BIZ-004903,22601.47,146
BIZ-004904,26447.81,19
BIZ-004905,180997.83,52
BIZ-004906,76160.37,86
BIZ-004907,48293.92,4
BIZ-004908,8416.28,3
BIZ-004909,13187.24,222
BIZ-004910,20033.38,235
BIZ-004911,10143.55,129
BIZ-004912,36332.38,216
BIZ-004913,31473.74,157
BIZ-004914,7418.2,7
BIZ-004915,72898.02,171
BIZ-004916,24399.31,5
BIZ-004917,3908.58,196
BIZ-004918,20924.11,88
BIZ-004919,29179.06,34
BIZ-004920,58267.07,62
BIZ-004921,15717.4,164
BIZ-004922,50409.67,203
BIZ-004923,26559.48,137
BIZ-004924,5913.22,39
BIZ-004925,5349.9,216
BIZ-004926,67680.94,189
BIZ-004927,72837.35,98
BIZ-004928,30421.63,133
BIZ-004929,98292.87,231
BIZ-004930,63361.38,91
BIZ-004931,43635.61,7
BIZ-004932,8854.57,35
BIZ-004933,124421.31,144
BIZ-004934,37658.03,239
BIZ-004935,14975.36,177
BIZ-004936,11290.65,148
BIZ-004937,28475.06,78
BIZ-004938,4142.03,106
BIZ-004939,44341.37,10
BIZ-004940,8488.17,89
BIZ-004941,31907.87,150
BIZ-004942,13073.99,217
BIZ-004943,16908.66,221
BIZ-004944,10332.92,197
BIZ-004945,18746.65,6
BIZ-004946,145710.86,194
BIZ-004947,87997.14,53
BIZ-004948,31397.36,148
BIZ-004949,21476.31,227
BIZ-004950,51236.18,213
BIZ-004951,68184.35,159
BIZ-004952,9606.37,72
BIZ-004953,20385.13,125
BIZ-004954,3561.87,169
BIZ-004955,67717.65,123
BIZ-004956,173689.46,97
BIZ-004957,23862.96,97
BIZ-004958,2630.66,144
BIZ-004959,40493.25,9
BIZ-004960,8918.75,239
BIZ-004961,11346.34,25
BIZ-004962,41215.78,236
BIZ-004963,28411.64,9
BIZ-004964,13519.54,123
BIZ-004965,11503.36,100
BIZ-004966,24980.13,138
BIZ-004967,14625.68,104
BIZ-004968,7264.56,215
BIZ-004969,15794.81,4
BIZ-004970,30933.43,236
BIZ-004971,18432.98,165
BIZ-004972,5358.78,187
BIZ-004973,59222.96,34
BIZ-004974,1423.95,16
BIZ-004975,14095.84,95
BIZ-004976,11846.66,78
BIZ-004977,25544.54,188
BIZ-004978,38625.26,215
BIZ-004979,67966.13,103
BIZ-004980,10803.17,184
BIZ-004981,39599.92,15
BIZ-004982,26790.92,178
BIZ-004983,3977.71,24
BIZ-004984,147346.21,160
BIZ-004985,5225.08,92
BIZ-004986,33506.59,100
BIZ-004987,32531.36,67
BIZ-004988,29016.99,97
BIZ-004989,13432.38,209
BIZ-004990,50375.12,194
BIZ-004991,4626.85,82
BIZ-004992,20623.19,71
BIZ-004993,12533.06,122
BIZ-004994,11189.17,164
BIZ-004995,33817.98,44
BIZ-004996,64697.55,174
BIZ-004997,15626.82,227
BIZ-004998,48082.86,202
BIZ-004999,23149.78,132
BIZ-005000,9020.61,77
